,Unnamed: 0,Unnamed: 0.1,Unnamed: 0.1.1,Unnamed: 0.1.1.1,index,date,state,death,deathConfirmed,deathIncrease,deathProbable,hospitalized,hospitalizedCumulative,hospitalizedCurrently,hospitalizedIncrease,inIcuCumulative,inIcuCurrently,negative,negativeIncrease,negativeTestsAntibody,negativeTestsPeopleAntibody,negativeTestsViral,onVentilatorCumulative,onVentilatorCurrently,positive,positiveCasesViral,positiveIncrease,positiveScore,positiveTestsAntibody,positiveTestsAntigen,positiveTestsPeopleAntibody,positiveTestsPeopleAntigen,positiveTestsViral,recovered,totalTestEncountersViral,totalTestEncountersViralIncrease,totalTestResults,totalTestResultsIncrease,totalTestsAntibody,totalTestsAntigen,totalTestsPeopleAntibody,totalTestsPeopleAntigen,totalTestsPeopleViral,totalTestsPeopleViralIncrease,totalTestsViral,totalTestsViralIncrease,LTC_Data_Available,Score
0,0,0,0,0,24,2021-02-18,MI,16251.0,15273.0,91,978.0,,,877.0,0,,220.0,9335801.0,31601,,,9335801.0,,110.0,633973.0,578091.0,1201,0,,,,,732154.0,517991.0,,0,9969774.0,32802,514207.0,,,,,0,10067955.0,32529,1.0,1.0
1,1,1,1,1,80,2021-02-17,MI,16160.0,15188.0,11,972.0,,,929.0,0,,237.0,9304200.0,27209,,,9304200.0,,116.0,632772.0,577203.0,1240,0,,,,,731226.0,517991.0,,0,9936972.0,28449,512204.0,,,,,0,10035426.0,28292,1.0,1.0
2,2,2,2,2,136,2021-02-16,MI,16149.0,15177.0,19,972.0,,,939.0,0,,240.0,9276991.0,16548,,,9276991.0,,123.0,631532.0,576264.0,1124,0,,,,,730143.0,517991.0,,0,9908523.0,17672,511585.0,,,,,0,10007134.0,17169,1.0,1.0
3,3,3,3,3,192,2021-02-15,MI,16130.0,15158.0,11,972.0,,,957.0,0,,258.0,9260443.0,49854,,,9260443.0,,135.0,630408.0,575489.0,1452,0,,,,,729522.0,517991.0,,0,9890851.0,51306,510509.0,,,,,0,9989965.0,51616,1.0,1.0
4,4,4,4,4,248,2021-02-14,MI,16119.0,15150.0,0,969.0,,,1024.0,0,,293.0,9210589.0,0,,,9210589.0,,123.0,628956.0,574224.0,0,0,,,,,727760.0,517991.0,,0,9839545.0,0,509378.0,,,,,0,9938349.0,0,1.0,1.0
5,5,5,5,5,304,2021-02-13,MI,16119.0,15150.0,92,969.0,,,1024.0,0,,293.0,9210589.0,32919,,,9210589.0,,123.0,628956.0,574224.0,944,0,,,,,727760.0,517991.0,,0,9839545.0,33863,509378.0,,,,,0,9938349.0,34182,1.0,1.0
6,6,6,6,6,360,2021-02-12,MI,16027.0,15062.0,8,965.0,,,1024.0,0,,293.0,9177670.0,40189,,,9177670.0,,123.0,628012.0,573372.0,1535,0,,,,,726497.0,498495.0,,0,9805682.0,41724,507720.0,,,,,0,9904167.0,41708,1.0,1.0
7,7,7,7,7,416,2021-02-11,MI,16019.0,15052.0,80,967.0,,,1061.0,0,,266.0,9137481.0,47251,,,9137481.0,,125.0,626477.0,572179.0,1507,0,,,,,724978.0,498495.0,,0,9763958.0,48758,505644.0,,,,,0,9862459.0,48676,1.0,1.0
8,8,8,8,8,472,2021-02-10,MI,15939.0,14977.0,14,962.0,,,1175.0,0,,299.0,9090230.0,33248,,,9090230.0,,149.0,624970.0,570895.0,1239,0,,,,,723553.0,498495.0,,0,9715200.0,34487,504736.0,,,,,0,9813783.0,34376,1.0,1.0
9,9,9,9,9,528,2021-02-09,MI,15925.0,14965.0,62,960.0,,,1175.0,0,,299.0,9056982.0,17526,,,9056982.0,,149.0,623731.0,569980.0,918,0,,,,,722425.0,498495.0,,0,9680713.0,18444,502950.0,,,,,0,9779407.0,18303,1.0,1.0
10,10,10,10,10,584,2021-02-08,MI,15863.0,14905.0,9,958.0,,,1211.0,0,,294.0,9039456.0,50220,,,9039456.0,,163.0,622813.0,569417.0,2128,0,,,,,721648.0,498495.0,,0,9662269.0,52348,501886.0,,,,,0,9761104.0,52588,1.0,1.0
11,11,11,11,11,640,2021-02-07,MI,15854.0,14894.0,0,960.0,,,1296.0,0,,300.0,8989236.0,0,,,8989236.0,,155.0,620685.0,567648.0,0,0,,,,,719280.0,498495.0,,0,9609921.0,0,500609.0,,,,,0,9708516.0,0,1.0,1.0
12,12,12,12,12,696,2021-02-06,MI,15854.0,14894.0,104,960.0,,,1296.0,0,,300.0,8989236.0,35510,,,8989236.0,,155.0,620685.0,567648.0,1186,0,,,,,719280.0,498495.0,,0,9609921.0,36696,500609.0,,,,,0,9708516.0,37025,1.0,1.0
13,13,13,13,13,752,2021-02-05,MI,15750.0,14798.0,25,952.0,,,1296.0,0,,300.0,8953726.0,45801,,,8953726.0,,155.0,619499.0,566630.0,1754,0,,,,,717765.0,481801.0,,0,9573225.0,47555,499022.0,,,,,0,9671491.0,47633,1.0,1.0
14,14,14,14,14,808,2021-02-04,MI,15725.0,14778.0,81,947.0,,,1376.0,0,,314.0,8907925.0,48411,,,8907925.0,,165.0,617745.0,565251.0,1885,0,,,,,715933.0,481801.0,,0,9525670.0,50296,497112.0,,,,,0,9623858.0,50126,1.0,1.0
15,15,15,15,15,864,2021-02-03,MI,15644.0,14704.0,35,940.0,,,1376.0,0,,314.0,8859514.0,38700,,,8859514.0,,165.0,615860.0,563893.0,1717,0,,,,,714218.0,481801.0,,0,9475374.0,40417,495084.0,,,,,0,9573732.0,40276,1.0,1.0
16,16,16,16,16,920,2021-02-02,MI,15609.0,14672.0,73,937.0,,,1404.0,0,,337.0,8820814.0,17350,,,8820814.0,,174.0,614143.0,562510.0,1433,0,,,,,712642.0,481801.0,,0,9434957.0,18783,493773.0,,,,,0,9533456.0,18400,1.0,1.0
17,17,17,17,17,976,2021-02-01,MI,15536.0,14609.0,11,927.0,,,1409.0,0,,336.0,8803464.0,47245,,,8803464.0,,170.0,612710.0,561307.0,2572,0,,,,,711592.0,481801.0,,0,9416174.0,49817,492095.0,,,,,0,9515056.0,49911,1.0,1.0
18,18,18,18,18,1032,2021-01-31,MI,15525.0,14601.0,0,924.0,,,1479.0,0,,364.0,8756219.0,0,,,8756219.0,,193.0,610138.0,559241.0,0,0,,,,,708926.0,481801.0,,0,9366357.0,0,490470.0,,,,,0,9465145.0,0,1.0,1.0
19,19,19,19,19,1088,2021-01-30,MI,15525.0,14601.0,115,924.0,,,1479.0,0,,364.0,8756219.0,41119,,,8756219.0,,193.0,610138.0,559241.0,1511,0,,,,,708926.0,481801.0,,0,9366357.0,42630,490470.0,,,,,0,9465145.0,43036,1.0,1.0
20,20,20,20,20,1144,2021-01-29,MI,15410.0,14497.0,8,913.0,,,1479.0,0,,364.0,8715100.0,50324,,,8715100.0,,193.0,608627.0,557883.0,2139,0,,,,,707009.0,463106.0,,0,9323727.0,52463,487677.0,,,,,0,9422109.0,52513,1.0,1.0
21,21,21,21,21,1200,2021-01-28,MI,15402.0,14491.0,88,911.0,,,1536.0,0,,363.0,8664776.0,49066,,,8664776.0,,192.0,606488.0,556109.0,2255,0,,,,,704820.0,463106.0,,0,9271264.0,51321,486152.0,,,,,0,9369596.0,51507,1.0,1.0
22,22,22,22,22,1256,2021-01-27,MI,15314.0,14411.0,9,903.0,,,1594.0,0,,377.0,8615710.0,46477,,,8615710.0,,202.0,604233.0,554237.0,2065,0,,,,,702379.0,463106.0,,0,9219943.0,48542,483813.0,,,,,0,9318089.0,48890,1.0,1.0
23,23,23,23,23,1312,2021-01-26,MI,15305.0,14405.0,86,900.0,,,1638.0,0,,382.0,8569233.0,24894,,,8569233.0,,210.0,602168.0,552556.0,2075,0,,,,,699966.0,463106.0,,0,9171401.0,26969,481240.0,,,,,0,9269199.0,26808,1.0,1.0
24,24,24,24,24,1368,2021-01-25,MI,15219.0,14326.0,38,893.0,,,1668.0,0,,392.0,8544339.0,54976,,,8544339.0,,199.0,600093.0,551080.0,3347,0,,,,,698052.0,463106.0,,0,9144432.0,58323,479890.0,,,,,0,9242391.0,60168,1.0,1.0
25,25,25,25,25,1424,2021-01-24,MI,15181.0,14291.0,0,890.0,,,1843.0,0,,396.0,8489363.0,0,,,8489363.0,,191.0,596746.0,548069.0,0,0,,,,,692860.0,463106.0,,0,9086109.0,0,476180.0,,,,,0,9182223.0,0,1.0,1.0
26,26,26,26,26,1480,2021-01-23,MI,15181.0,14291.0,230,890.0,,,1843.0,0,,396.0,8489363.0,50911,,,8489363.0,,191.0,596746.0,548069.0,1826,0,,,,,692860.0,463106.0,,0,9086109.0,52737,476180.0,,,,,0,9182223.0,53925,1.0,1.0
27,27,27,27,27,1536,2021-01-22,MI,14951.0,14070.0,18,881.0,,,1843.0,0,,396.0,8438452.0,42306,,,8438452.0,,191.0,594920.0,546468.0,2538,0,,,,,689846.0,442408.0,,0,9033372.0,44844,474589.0,,,,,0,9128298.0,44578,1.0,1.0
28,28,28,28,28,1592,2021-01-21,MI,14933.0,14053.0,163,880.0,,,1907.0,0,,385.0,8396146.0,52919,,,8396146.0,,199.0,592382.0,544311.0,2513,0,,,,,687574.0,442408.0,,0,8988528.0,55432,472922.0,,,,,0,9083720.0,55655,1.0,1.0
29,29,29,29,29,1648,2021-01-20,MI,14770.0,13905.0,35,865.0,,,2077.0,0,,396.0,8343227.0,37638,,,8343227.0,,214.0,589869.0,542146.0,2421,0,,,,,684838.0,442408.0,,0,8933096.0,40059,470055.0,,,,,0,9028065.0,40284,1.0,1.0
30,30,30,30,30,1704,2021-01-19,MI,14735.0,13865.0,49,870.0,,,2055.0,0,,413.0,8305589.0,17949,,,8305589.0,,228.0,587448.0,540115.0,2320,0,,,,,682192.0,442408.0,,0,8893037.0,20269,468615.0,,,,,0,8987781.0,19436,1.0,1.0
31,31,31,31,31,1760,2021-01-18,MI,14686.0,13824.0,17,862.0,,,2140.0,0,,475.0,8287640.0,61811,,,8287640.0,,236.0,585128.0,538377.0,3343,0,,,,,680705.0,442408.0,,0,8872768.0,65154,466525.0,,,,,0,8968345.0,65957,1.0,1.0
32,32,32,32,32,1816,2021-01-17,MI,14669.0,13804.0,0,865.0,,,2222.0,0,,493.0,8225829.0,0,,,8225829.0,,256.0,581785.0,535534.0,0,0,,,,,676559.0,442408.0,,0,8807614.0,0,463812.0,,,,,0,8902388.0,0,1.0,1.0
33,33,33,33,33,1872,2021-01-16,MI,14669.0,13804.0,119,865.0,,,2222.0,0,,493.0,8225829.0,48146,,,8225829.0,,256.0,581785.0,535534.0,2211,0,,,,,676559.0,442408.0,,0,8807614.0,50357,463812.0,,,,,0,8902388.0,51259,1.0,1.0
34,34,34,34,34,1928,2021-01-15,MI,14550.0,13701.0,39,849.0,,,2222.0,0,,493.0,8177683.0,39417,,,8177683.0,,256.0,579574.0,533602.0,3001,0,,,,,673446.0,415079.0,,0,8757257.0,42418,461932.0,,,,,0,8851129.0,42191,1.0,1.0
35,35,35,35,35,1984,2021-01-14,MI,14511.0,13672.0,175,839.0,,,2238.0,0,,499.0,8138266.0,45873,,,8138266.0,,258.0,576573.0,531004.0,3295,0,,,,,670672.0,415079.0,,0,8714839.0,49168,459952.0,,,,,0,8808938.0,48921,1.0,1.0
36,36,36,36,36,2040,2021-01-13,MI,14336.0,13533.0,40,803.0,,,2246.0,0,,501.0,8092393.0,38500,,,8092393.0,,255.0,573278.0,528306.0,3128,0,,,,,667624.0,415079.0,,0,8665671.0,41628,457314.0,,,,,0,8760017.0,41461,1.0,1.0
37,37,37,37,37,2096,2021-01-12,MI,14296.0,13501.0,104,795.0,,,2443.0,0,,525.0,8053893.0,32762,,,8053893.0,,285.0,570150.0,525612.0,2468,0,,,,,664663.0,415079.0,,0,8624043.0,35230,455811.0,,,,,0,8718556.0,35336,1.0,1.0
38,38,38,38,38,2152,2021-01-11,MI,14192.0,13401.0,47,791.0,,,2396.0,0,,485.0,8021131.0,68657,,,8021131.0,,272.0,567682.0,523618.0,5129,0,,,,,662089.0,415079.0,,0,8588813.0,73786,453747.0,,,,,0,8683220.0,74472,1.0,1.0
39,39,39,39,39,2208,2021-01-10,MI,14145.0,13355.0,0,790.0,,,2480.0,0,,517.0,7952474.0,0,,,7952474.0,,294.0,562553.0,519082.0,0,0,,,,,656274.0,415079.0,,0,8515027.0,0,450681.0,,,,,0,8608748.0,0,1.0,1.0
40,40,40,40,40,2264,2021-01-09,MI,14145.0,13355.0,232,790.0,,,2480.0,0,,517.0,7952474.0,48901,,,7952474.0,,294.0,562553.0,519082.0,2898,0,,,,,656274.0,415079.0,,0,8515027.0,51799,450681.0,,,,,0,8608748.0,53347,1.0,1.0
41,41,41,41,41,2320,2021-01-08,MI,13913.0,13132.0,40,781.0,,,2480.0,0,,517.0,7903573.0,49293,,,7903573.0,,294.0,559655.0,516376.0,3908,0,,,,,651828.0,363611.0,,0,8463228.0,53201,447754.0,,,,,0,8555401.0,54079,1.0,1.0
42,42,42,42,42,2376,2021-01-07,MI,13873.0,13094.0,206,779.0,,,2578.0,0,,509.0,7854280.0,40848,,,7854280.0,,300.0,555747.0,512751.0,4249,0,,,,,647042.0,363611.0,,0,8410027.0,45097,445336.0,,,,,0,8501322.0,45058,1.0,1.0
43,43,43,43,43,2432,2021-01-06,MI,13667.0,12918.0,59,749.0,,,2657.0,0,,523.0,7813432.0,40588,,,7813432.0,,304.0,551498.0,508736.0,4856,0,,,,,642832.0,363611.0,,0,8364930.0,45444,443670.0,,,,,0,8456264.0,45351,1.0,1.0
44,44,44,44,44,2488,2021-01-05,MI,13608.0,12867.0,217,741.0,,,2758.0,0,,548.0,7772844.0,21976,,,7772844.0,,308.0,546642.0,504410.0,3031,0,,,,,638069.0,363611.0,,0,8319486.0,25007,440635.0,,,,,0,8410913.0,24546,1.0,1.0
45,45,45,45,45,2544,2021-01-04,MI,13391.0,12678.0,85,713.0,,,2698.0,0,,550.0,7750868.0,166414,,,7750868.0,,313.0,543611.0,502119.0,5490,0,,,,,635499.0,363611.0,,0,8294479.0,171904,439529.0,,,,,0,8386367.0,183614,1.0,1.0
46,46,46,46,46,2600,2021-01-03,MI,13306.0,12598.0,0,708.0,,,2758.0,0,,629.0,7584454.0,0,,,7584454.0,,368.0,538121.0,497127.0,0,0,,,,,618299.0,363611.0,,0,8122575.0,0,427428.0,,,,,0,8202753.0,0,1.0,1.0
47,47,47,47,47,2656,2021-01-02,MI,13306.0,12598.0,288,708.0,,,2758.0,0,,629.0,7584454.0,0,,,7584454.0,,368.0,538121.0,497127.0,9500,0,,,,,618299.0,363611.0,,0,8122575.0,9500,427428.0,,,,,0,8202753.0,0,1.0,1.0
48,48,48,48,48,2712,2021-01-01,MI,13018.0,12333.0,0,685.0,,,2758.0,0,,629.0,7584454.0,0,,,7584454.0,,368.0,528621.0,488144.0,0,0,,,,,618299.0,318389.0,,0,8113075.0,0,427428.0,,,,,0,8202753.0,0,1.0,1.0
49,49,49,49,49,2768,2020-12-31,MI,13018.0,12333.0,0,685.0,,,2758.0,0,,629.0,7584454.0,0,,,7584454.0,,368.0,528621.0,488144.0,0,0,,,,,618299.0,318389.0,,0,8113075.0,0,427428.0,,,,,0,8202753.0,0,1.0,1.0
50,50,50,50,50,2824,2020-12-30,MI,13018.0,12333.0,52,685.0,,,2758.0,0,,629.0,7584454.0,43822,,,7584454.0,,368.0,528621.0,488144.0,4782,0,,,,,618299.0,318389.0,,0,8113075.0,48604,427428.0,,,,,0,8202753.0,48416,1.0,1.0
51,51,51,51,51,2880,2020-12-29,MI,12966.0,12282.0,212,684.0,,,2906.0,0,,649.0,7540632.0,19672,,,7540632.0,,390.0,523839.0,483922.0,3963,0,,,,,613705.0,318389.0,,0,8064471.0,23635,425918.0,,,,,0,8154337.0,21648,1.0,1.0
52,52,52,52,52,2936,2020-12-28,MI,12754.0,12089.0,64,665.0,,,2811.0,0,,662.0,7520960.0,58017,,,7520960.0,,407.0,519876.0,480508.0,3550,0,,,,,611729.0,318389.0,,0,8040836.0,61567,423406.0,,,,,0,8132689.0,62944,1.0,1.0
53,53,53,53,53,2992,2020-12-27,MI,12690.0,12029.0,0,661.0,,,3108.0,0,,738.0,7462943.0,0,,,7462943.0,,416.0,516326.0,477269.0,0,0,,,,,606802.0,318389.0,,0,7979269.0,0,422569.0,,,,,0,8069745.0,0,1.0,1.0
54,54,54,54,54,3048,2020-12-26,MI,12690.0,12029.0,275,661.0,,,3108.0,0,,738.0,7462943.0,121344,,,7462943.0,,416.0,516326.0,477269.0,7877,0,,,,,606802.0,318389.0,,0,7979269.0,129221,422569.0,,,,,0,8069745.0,132087,1.0,1.0
55,55,55,55,55,3104,2020-12-25,MI,12415.0,11775.0,0,640.0,,,3108.0,0,,738.0,7341599.0,0,,,7341599.0,,416.0,508449.0,469928.0,0,0,,,,,596059.0,284731.0,,0,7850048.0,0,415661.0,,,,,0,7937658.0,0,1.0,1.0
56,56,56,56,56,3160,2020-12-24,MI,12415.0,11775.0,0,640.0,,,3108.0,0,,738.0,7341599.0,0,,,7341599.0,,416.0,508449.0,469928.0,0,0,,,,,596059.0,284731.0,,0,7850048.0,0,415661.0,,,,,0,7937658.0,0,1.0,1.0
57,57,57,57,57,3216,2020-12-23,MI,12415.0,11775.0,73,640.0,,,3108.0,0,,738.0,7341599.0,30230,,,7341599.0,,416.0,508449.0,469928.0,3820,0,,,,,596059.0,284731.0,,0,7850048.0,34050,415661.0,,,,,0,7937658.0,32764,1.0,1.0
58,58,58,58,58,3272,2020-12-22,MI,12342.0,11705.0,189,637.0,,,3156.0,0,,731.0,7311369.0,30308,,,7311369.0,,426.0,504629.0,466485.0,3514,0,,,,,593525.0,284731.0,,0,7815998.0,33822,413750.0,,,,,0,7904894.0,33595,1.0,1.0
59,59,59,59,59,3328,2020-12-21,MI,12153.0,11532.0,79,621.0,,,3179.0,0,,711.0,7281061.0,77483,,,7281061.0,,436.0,501115.0,463403.0,5059,0,,,,,590238.0,284731.0,,0,7782176.0,82542,411872.0,,,,,0,7871299.0,84618,1.0,1.0
60,60,60,60,60,3384,2020-12-20,MI,12074.0,11461.0,0,613.0,,,3284.0,0,,758.0,7203578.0,0,,,7203578.0,,466.0,496056.0,458852.0,0,0,,,,,583103.0,284731.0,,0,7699634.0,0,409456.0,,,,,0,7786681.0,0,1.0,1.0
61,61,61,61,61,3440,2020-12-19,MI,12074.0,11461.0,206,613.0,,,3284.0,0,,758.0,7203578.0,56985,,,7203578.0,,466.0,496056.0,458852.0,4181,0,,,,,583103.0,284731.0,,0,7699634.0,61166,409456.0,,,,,0,7786681.0,62678,1.0,1.0
62,62,62,62,62,3496,2020-12-18,MI,11868.0,11274.0,67,594.0,,,3284.0,0,,758.0,7146593.0,46288,,,7146593.0,,466.0,491875.0,454956.0,4519,0,,,,,577410.0,236369.0,,0,7638468.0,50807,405263.0,,,,,0,7724003.0,50919,1.0,1.0
63,63,63,63,63,3552,2020-12-17,MI,11801.0,11212.0,213,589.0,,,3395.0,0,,780.0,7100305.0,48529,,,7100305.0,,461.0,487356.0,450776.0,4541,0,,,,,572779.0,236369.0,,0,7587661.0,53070,402979.0,,,,,0,7673084.0,53747,1.0,1.0
64,64,64,64,64,3608,2020-12-16,MI,11588.0,11018.0,93,570.0,,,3571.0,0,,818.0,7051776.0,49795,,,7051776.0,,476.0,482815.0,446752.0,4644,0,,,,,567561.0,236369.0,,0,7534591.0,54439,400859.0,,,,,0,7619337.0,55380,1.0,1.0
65,65,65,65,65,3664,2020-12-15,MI,11495.0,10935.0,206,560.0,,,3674.0,0,,821.0,7001981.0,44313,,,7001981.0,,508.0,478171.0,442715.0,5391,0,,,,,561976.0,236369.0,,0,7480152.0,49704,397438.0,,,,,0,7563957.0,49711,1.0,1.0
66,66,66,66,66,3720,2020-12-14,MI,11289.0,10752.0,94,537.0,,,3802.0,0,,860.0,6957668.0,80837,,,6957668.0,,514.0,472780.0,437985.0,7621,0,,,,,556578.0,236369.0,,0,7430448.0,88458,395683.0,,,,,0,7514246.0,90046,1.0,1.0
67,67,67,67,67,3776,2020-12-13,MI,11195.0,10662.0,0,533.0,,,3893.0,0,,863.0,6876831.0,0,,,6876831.0,,518.0,465159.0,430780.0,0,0,,,,,547369.0,236369.0,,0,7341990.0,0,392309.0,,,,,0,7424200.0,0,1.0,1.0
68,68,68,68,68,3832,2020-12-12,MI,11195.0,10662.0,230,533.0,,,3893.0,0,,863.0,6876831.0,51829,,,6876831.0,,518.0,465159.0,430780.0,4813,0,,,,,547369.0,236369.0,,0,7341990.0,56642,392309.0,,,,,0,7424200.0,57647,1.0,1.0
69,69,69,69,69,3888,2020-12-11,MI,10965.0,10456.0,65,509.0,,,3893.0,0,,863.0,6825002.0,52723,,,6825002.0,,518.0,460346.0,426294.0,5626,0,,,,,541551.0,197750.0,,0,7285348.0,58349,390240.0,,,,,0,7366553.0,59768,1.0,1.0
70,70,70,70,70,3944,2020-12-10,MI,10900.0,10395.0,194,505.0,,,3893.0,0,,863.0,6772279.0,53788,,,6772279.0,,518.0,454720.0,421137.0,6302,0,,,,,534506.0,197750.0,,0,7226999.0,60090,388121.0,,,,,0,7306785.0,60320,1.0,1.0
71,71,71,71,71,4000,2020-12-09,MI,10706.0,10213.0,81,493.0,,,3925.0,0,,857.0,6718491.0,42314,,,6718491.0,,522.0,448418.0,415200.0,5342,0,,,,,527974.0,197750.0,,0,7166909.0,47656,385279.0,,,,,0,7246465.0,48099,1.0,1.0
72,72,72,72,72,4056,2020-12-08,MI,10625.0,10138.0,203,487.0,,,4091.0,0,,849.0,6676177.0,53857,,,6676177.0,,512.0,443076.0,410295.0,6676,0,,,,,522189.0,197750.0,,0,7119253.0,60533,383571.0,,,,,0,7198366.0,61388,1.0,1.0
73,73,73,73,73,4112,2020-12-07,MI,10422.0,9947.0,101,475.0,,,4122.0,0,,840.0,6622320.0,83838,,,6622320.0,,515.0,436400.0,404386.0,9824,0,,,,,514658.0,197750.0,,0,7058720.0,93662,380511.0,,,,,0,7136978.0,95601,1.0,1.0
74,74,74,74,74,4168,2020-12-06,MI,10321.0,9854.0,0,467.0,,,4141.0,0,,855.0,6538482.0,0,,,6538482.0,,513.0,426576.0,395036.0,0,0,,,,,502895.0,197750.0,,0,6965058.0,0,378723.0,,,,,0,7041377.0,0,1.0,1.0
75,75,75,75,75,4224,2020-12-05,MI,10321.0,9854.0,204,467.0,,,4141.0,0,,855.0,6538482.0,58590,,,6538482.0,,513.0,426576.0,395036.0,6308,0,,,,,502895.0,197750.0,,0,6965058.0,64898,378723.0,,,,,0,7041377.0,68207,1.0,1.0
76,76,76,76,76,4280,2020-12-04,MI,10117.0,9661.0,82,456.0,,,4141.0,0,,855.0,6479892.0,58936,,,6479892.0,,513.0,420268.0,389032.0,9425,0,,,,,493278.0,165269.0,,0,6900160.0,68361,375457.0,,,,,0,6973170.0,68645,1.0,1.0
77,77,77,77,77,4336,2020-12-03,MI,10035.0,9580.0,193,455.0,,,4175.0,0,,840.0,6420956.0,61820,,,6420956.0,,502.0,410843.0,380343.0,7957,0,,,,,483569.0,165269.0,,0,6831799.0,69777,373357.0,,,,,0,6904525.0,73467,1.0,1.0
78,78,78,78,78,4392,2020-12-02,MI,9842.0,9405.0,83,437.0,,,4266.0,0,,837.0,6359136.0,38000,,,6359136.0,,509.0,402886.0,373197.0,7433,0,,,,,471922.0,165269.0,,0,6762022.0,45433,370666.0,,,,,0,6831058.0,43905,1.0,1.0
79,79,79,79,79,4448,2020-12-01,MI,9759.0,9324.0,195,435.0,,,4310.0,0,,874.0,6321136.0,32742,,,6321136.0,,526.0,395453.0,366242.0,6511,0,,,,,466017.0,165269.0,,0,6716589.0,39253,369466.0,,,,,0,6787153.0,38421,1.0,1.0
80,80,80,80,80,4504,2020-11-30,MI,9564.0,9134.0,97,430.0,,,4326.0,0,,851.0,6288394.0,92105,,,6288394.0,,531.0,388942.0,360449.0,10790,0,,,,,460338.0,165269.0,,0,6677336.0,102895,367228.0,,,,,0,6748732.0,106844,1.0,1.0
81,81,81,81,81,4560,2020-11-29,MI,9467.0,9036.0,0,431.0,,,4097.0,0,,832.0,6196289.0,0,,,6196289.0,,472.0,378152.0,350021.0,0,0,,,,,445599.0,165269.0,,0,6574441.0,0,365318.0,,,,,0,6641888.0,0,1.0,1.0
82,82,82,82,82,4616,2020-11-28,MI,9467.0,9036.0,110,431.0,,,4097.0,0,,832.0,6196289.0,52333,,,6196289.0,,472.0,378152.0,350021.0,8351,0,,,,,445599.0,165269.0,,0,6574441.0,60684,365318.0,,,,,0,6641888.0,59320,1.0,1.0
83,83,83,83,83,4672,2020-11-27,MI,9357.0,8933.0,187,424.0,,,4097.0,0,,832.0,6143956.0,103826,,,6143956.0,,472.0,369801.0,341941.0,17368,0,,,,,438612.0,152267.0,,0,6513757.0,121194,362221.0,,,,,0,6582568.0,119731,1.0,1.0
84,84,84,84,84,4728,2020-11-26,MI,9170.0,8761.0,0,409.0,,,4063.0,0,,843.0,6040130.0,0,,,6040130.0,,464.0,352433.0,324779.0,0,0,,,,,422707.0,152267.0,,0,6392563.0,0,359142.0,,,,,0,6462837.0,0,1.0,1.0
85,85,85,85,85,4784,2020-11-25,MI,9170.0,8761.0,76,409.0,,,4063.0,0,,843.0,6040130.0,53499,,,6040130.0,,464.0,352433.0,324779.0,4687,0,,,,,422707.0,152267.0,,0,6392563.0,58186,359142.0,,,,,0,6462837.0,61805,1.0,1.0
86,86,86,86,86,4840,2020-11-24,MI,9094.0,8688.0,154,406.0,,,4087.0,0,,865.0,5986631.0,64059,,,5986631.0,,445.0,347746.0,320506.0,6782,0,,,,,414401.0,152267.0,,0,6334377.0,70841,358188.0,,,,,0,6401032.0,73541,1.0,1.0
87,87,87,87,87,4896,2020-11-23,MI,8940.0,8543.0,65,397.0,,,4047.0,0,,872.0,5922572.0,87340,,,5922572.0,,455.0,340964.0,314216.0,11943,0,,,,,404919.0,152267.0,,0,6263536.0,99283,356370.0,,,,,0,6327491.0,100523,1.0,1.0
88,88,88,88,88,4952,2020-11-22,MI,8875.0,8478.0,0,397.0,,,3887.0,0,,835.0,5835232.0,0,,,5835232.0,,403.0,329021.0,302705.0,0,0,,,,,391736.0,152267.0,,0,6164253.0,0,354957.0,,,,,0,6226968.0,0,1.0,1.0
89,89,89,89,89,5008,2020-11-21,MI,8875.0,8478.0,101,397.0,,,3887.0,0,,835.0,5835232.0,79727,,,5835232.0,,403.0,329021.0,302705.0,7840,0,,,,,391736.0,152267.0,,0,6164253.0,87567,354957.0,,,,,0,6226968.0,89883,1.0,1.0
90,90,90,90,90,5064,2020-11-20,MI,8774.0,8377.0,57,397.0,,,3887.0,0,,835.0,5755505.0,73619,,,5755505.0,,403.0,321181.0,295177.0,10140,0,,,,,381580.0,138862.0,,0,6076686.0,83759,353571.0,,,,,0,6137085.0,85362,1.0,1.0
91,91,91,91,91,5120,2020-11-19,MI,8717.0,8324.0,144,393.0,,,3824.0,0,,843.0,5681886.0,62253,,,5681886.0,,400.0,311041.0,285398.0,7983,0,,,,,369837.0,138862.0,,0,5992927.0,70236,352058.0,,,,,0,6051723.0,71228,1.0,1.0
92,92,92,92,92,5176,2020-11-18,MI,8573.0,8190.0,62,383.0,,,3792.0,0,,809.0,5619633.0,50686,,,5619633.0,,396.0,303058.0,277806.0,6218,0,,,,,360862.0,138862.0,,0,5922691.0,56904,350177.0,,,,,0,5980495.0,58769,1.0,1.0
93,93,93,93,93,5232,2020-11-17,MI,8511.0,8128.0,80,383.0,,,3752.0,0,,776.0,5568947.0,49431,,,5568947.0,,367.0,296840.0,272034.0,7886,0,,,,,352779.0,138862.0,,0,5865787.0,57317,349416.0,,,,,0,5921726.0,57670,1.0,1.0
94,94,94,94,94,5288,2020-11-16,MI,8431.0,8049.0,55,382.0,,,3580.0,0,,749.0,5519516.0,102724,,,5519516.0,,343.0,288954.0,264576.0,13162,0,,,,,344540.0,138862.0,,0,5808470.0,115886,347813.0,,,,,0,5864056.0,117843,1.0,1.0
95,95,95,95,95,5344,2020-11-15,MI,8376.0,7994.0,0,382.0,,,3241.0,0,,660.0,5416792.0,0,,,5416792.0,,272.0,275792.0,251813.0,0,0,,,,,329421.0,138862.0,,0,5692584.0,0,346627.0,,,,,0,5746213.0,0,1.0,1.0
96,96,96,96,96,5400,2020-11-14,MI,8376.0,7994.0,68,382.0,,,3241.0,0,,660.0,5416792.0,62002,,,5416792.0,,272.0,275792.0,251813.0,7430,0,,,,,329421.0,138862.0,,0,5692584.0,69432,346627.0,,,,,0,5746213.0,72021,1.0,1.0
97,97,97,97,97,5456,2020-11-13,MI,8308.0,7929.0,123,379.0,,,3241.0,0,,660.0,5354790.0,64181,,,5354790.0,,272.0,268362.0,244741.0,9179,0,,,,,319402.0,128981.0,,0,5623152.0,73360,344502.0,,,,,0,5674192.0,74496,1.0,1.0
98,98,98,98,98,5512,2020-11-12,MI,8185.0,7811.0,49,374.0,,,3209.0,0,,628.0,5290609.0,60005,,,5290609.0,,253.0,259183.0,236225.0,7311,0,,,,,309087.0,128981.0,,0,5549792.0,67316,343088.0,,,,,0,5599696.0,68512,1.0,1.0
99,99,99,99,99,5568,2020-11-11,MI,8136.0,7766.0,42,370.0,,,3093.0,0,,604.0,5230604.0,48231,,,5230604.0,,263.0,251872.0,229285.0,6620,0,,,,,300580.0,128981.0,,0,5482476.0,54851,341946.0,,,,,0,5531184.0,56015,1.0,1.0
100,100,100,100,100,5624,2020-11-10,MI,8094.0,7724.0,86,370.0,,,2959.0,0,,595.0,5182373.0,52371,,,5182373.0,,257.0,245252.0,223277.0,6944,0,,,,,292796.0,128981.0,,0,5427625.0,59315,339921.0,,,,,0,5475169.0,61281,1.0,1.0
101,101,101,101,101,5680,2020-11-09,MI,8008.0,7640.0,63,368.0,,,2815.0,0,,544.0,5130002.0,145044,,,5130002.0,,239.0,238308.0,216804.0,9305,0,,,,,283886.0,128981.0,,0,5368310.0,154349,339100.0,,,,,0,5413888.0,87225,1.0,1.0
102,102,102,102,102,5736,2020-11-08,MI,7945.0,7578.0,0,367.0,,,2425.0,0,,484.0,4984958.0,0,,,4984958.0,,202.0,229003.0,207794.0,0,0,,,,,266355.0,128981.0,,0,5213961.0,0,338299.0,,,,,0,5326663.0,0,1.0,1.0
103,103,103,103,103,5792,2020-11-07,MI,7945.0,7578.0,65,367.0,,,2425.0,0,,484.0,4984958.0,0,,,4984958.0,,202.0,229003.0,207794.0,6494,0,,,,,266355.0,128981.0,,0,5213961.0,6494,338299.0,,,,,0,5326663.0,75350,1.0,1.0
104,104,104,104,104,5848,2020-11-06,MI,7880.0,7513.0,47,367.0,,,2425.0,0,,484.0,4984958.0,48339,,,4984958.0,,202.0,222509.0,201569.0,4246,0,,,,,266355.0,121093.0,,0,5207467.0,52585,336396.0,,,,,0,5251313.0,115366,1.0,1.0
105,105,105,105,105,5904,2020-11-05,MI,7833.0,7470.0,51,363.0,,,2280.0,0,,475.0,4936619.0,55103,,,4936619.0,,194.0,218263.0,197806.0,6103,0,,,,,260736.0,121093.0,,0,5154882.0,61206,333334.0,,,,,0,5135947.0,0,1.0,1.0
106,106,106,106,106,5960,2020-11-04,MI,7782.0,7419.0,21,363.0,,,2215.0,0,,470.0,4881516.0,38789,,,4881516.0,,199.0,212160.0,192096.0,4397,0,,,,,254431.0,121093.0,,0,5093676.0,43186,333334.0,,,,,0,5135947.0,43267,1.0,1.0
107,107,107,107,107,6016,2020-11-03,MI,7761.0,7400.0,45,361.0,,,2059.0,0,,444.0,4842727.0,38754,,,4842727.0,,183.0,207763.0,187995.0,3437,0,,,,,249953.0,121093.0,,0,5050490.0,42191,332703.0,,,,,0,5092680.0,43252,1.0,1.0
108,108,108,108,108,6072,2020-11-02,MI,7716.0,7357.0,17,359.0,,,1966.0,0,,428.0,4803973.0,89787,,,4803973.0,,180.0,204326.0,184889.0,6920,0,,,,,245455.0,121093.0,,0,5008299.0,96707,331012.0,,,,,0,5049428.0,96962,1.0,1.0
109,109,109,109,109,6128,2020-11-01,MI,7699.0,7340.0,0,359.0,,,1728.0,0,,398.0,4714186.0,0,,,4714186.0,,167.0,197406.0,178180.0,0,0,,,,,238280.0,121093.0,,0,4911592.0,0,329831.0,,,,,0,4952466.0,0,1.0,1.0
110,110,110,110,110,6184,2020-10-31,MI,7699.0,7340.0,34,359.0,,,1728.0,0,,398.0,4714186.0,45491,,,4714186.0,,167.0,197406.0,178180.0,4018,0,,,,,238280.0,121093.0,,0,4911592.0,49509,329831.0,,,,,0,4952466.0,50074,1.0,1.0
111,111,111,111,111,6240,2020-10-30,MI,7665.0,7309.0,12,356.0,,,1728.0,0,,398.0,4668695.0,58021,,,4668695.0,,167.0,193388.0,174388.0,3345,0,,,,,233697.0,114939.0,,0,4862083.0,61366,328693.0,,,,,0,4902392.0,62103,1.0,1.0
112,112,112,112,112,6296,2020-10-29,MI,7653.0,7298.0,47,355.0,,,1332.0,0,,320.0,4610674.0,48606,,,4610674.0,,153.0,190043.0,171220.0,4109,0,,,,,229615.0,114939.0,,0,4800717.0,52715,327051.0,,,,,0,4840289.0,107564,1.0,1.0
113,113,113,113,113,6352,2020-10-28,MI,7606.0,7257.0,21,349.0,,,1332.0,0,,320.0,4562068.0,50942,,,4562068.0,,153.0,185934.0,167545.0,3590,0,,,,,225150.0,114939.0,,0,4748002.0,54532,323494.0,,,,,0,4732725.0,0,1.0,1.0
114,114,114,114,114,6408,2020-10-27,MI,7585.0,7239.0,33,346.0,,,1332.0,0,,320.0,4511126.0,38407,,,4511126.0,,146.0,182344.0,164274.0,2675,0,,,,,221599.0,114939.0,,0,4693470.0,41082,323494.0,,,,,0,4732725.0,41246,1.0,1.0
115,115,115,115,115,6464,2020-10-26,MI,7552.0,7211.0,30,341.0,,,1332.0,0,,320.0,4472719.0,68340,,,4472719.0,,140.0,179669.0,161907.0,4057,0,,,,,218760.0,114939.0,,0,4652388.0,72397,322810.0,,,,,0,4691479.0,72917,1.0,1.0
116,116,116,116,116,6520,2020-10-25,MI,7522.0,7182.0,0,340.0,,,1182.0,0,,273.0,4404379.0,0,,,4404379.0,,121.0,175612.0,158026.0,0,0,,,,,214183.0,114939.0,,0,4579991.0,0,321825.0,,,,,0,4618562.0,0,1.0,1.0
117,117,117,117,117,6576,2020-10-24,MI,7522.0,7182.0,38,340.0,,,1182.0,0,,273.0,4404379.0,50615,,,4404379.0,,121.0,175612.0,158026.0,3490,0,,,,,214183.0,114939.0,,0,4579991.0,54105,321825.0,,,,,0,4618562.0,53493,1.0,1.0
118,118,118,118,118,6632,2020-10-23,MI,7484.0,7147.0,20,337.0,,,1182.0,0,,273.0,4353764.0,54977,,,4353764.0,,121.0,172122.0,154688.0,2046,0,,,,,211305.0,109539.0,,0,4525886.0,57023,318590.0,,,,,0,4565069.0,58181,1.0,1.0
119,119,119,119,119,6688,2020-10-22,MI,7464.0,7129.0,46,335.0,,,1182.0,0,,273.0,4298787.0,45828,,,4298787.0,,112.0,170076.0,152862.0,2204,0,,,,,208101.0,109539.0,,0,4468863.0,48032,317645.0,,,,,0,4506888.0,48224,1.0,1.0
120,120,120,120,120,6744,2020-10-21,MI,7418.0,7086.0,35,332.0,,,1050.0,0,,267.0,4252959.0,33162,,,4252959.0,,112.0,167872.0,150989.0,1878,0,,,,,205705.0,109539.0,,0,4420831.0,35040,316762.0,,,,,0,4458664.0,35177,1.0,1.0
121,121,121,121,121,6800,2020-10-20,MI,7383.0,7053.0,20,330.0,,,1050.0,0,,267.0,4219797.0,48296,,,4219797.0,,106.0,165994.0,149392.0,1871,0,,,,,203690.0,109539.0,,0,4385791.0,50167,316115.0,,,,,0,4423487.0,50752,1.0,1.0
122,122,122,122,122,6856,2020-10-19,MI,7363.0,7031.0,46,332.0,,,1050.0,0,,267.0,4171501.0,59863,,,4171501.0,,95.0,164123.0,147806.0,5004,0,,,,,201234.0,109539.0,,0,4335624.0,64867,315661.0,,,,,0,4372735.0,111021,1.0,1.0
123,123,123,123,123,6912,2020-10-18,MI,7317.0,6987.0,0,330.0,,,1000.0,0,,254.0,4111638.0,0,,,4111638.0,,94.0,159119.0,143106.0,0,0,,,,,197889.0,109539.0,,0,4270757.0,0,310344.0,,,,,0,4261714.0,0,1.0,1.0
124,124,124,124,124,6968,2020-10-17,MI,7317.0,6987.0,0,330.0,,,1000.0,0,,254.0,4111638.0,45347,,,4111638.0,,94.0,159119.0,143106.0,0,0,,,,,197889.0,109539.0,,0,4270757.0,45347,310344.0,,,,,0,4261714.0,0,1.0,1.0
125,125,125,125,125,7024,2020-10-16,MI,7317.0,6987.0,15,330.0,,,1000.0,0,,254.0,4066291.0,51215,,,4066291.0,,94.0,159119.0,143106.0,2206,0,,,,,195423.0,104271.0,,0,4225410.0,53421,310344.0,,,,,0,4261714.0,53356,1.0,1.0
126,126,126,126,126,7080,2020-10-15,MI,7302.0,6973.0,34,329.0,,,1000.0,0,,254.0,4015076.0,40119,,,4015076.0,,95.0,156913.0,141091.0,2458,0,,,,,193282.0,104271.0,,0,4171989.0,42577,309383.0,,,,,0,4208358.0,42122,1.0,1.0
127,127,127,127,127,7136,2020-10-14,MI,7268.0,6941.0,13,327.0,,,899.0,0,,230.0,3974957.0,28260,,,3974957.0,,95.0,154455.0,139061.0,1593,0,,,,,191279.0,104271.0,,0,4129412.0,29853,308581.0,,,,,0,4166236.0,29588,1.0,1.0
128,128,128,128,128,7192,2020-10-13,MI,7255.0,6928.0,30,327.0,,,899.0,0,,230.0,3946697.0,36996,,,3946697.0,,95.0,152862.0,137702.0,1466,0,,,,,189951.0,104271.0,,0,4099559.0,38462,308055.0,,,,,0,4136648.0,38839,1.0,1.0
129,129,129,129,129,7248,2020-10-12,MI,7225.0,6898.0,6,327.0,,,899.0,0,,230.0,3909701.0,48856,,,3909701.0,,105.0,151396.0,136465.0,1932,0,,,,,188108.0,104271.0,,0,4061097.0,50788,307599.0,,,,,0,4097809.0,51027,1.0,1.0
130,130,130,130,130,7304,2020-10-11,MI,7219.0,6891.0,0,328.0,,,862.0,0,,220.0,3860845.0,0,,,3860845.0,,85.0,149464.0,134656.0,0,0,,,,,185937.0,104271.0,,0,4010309.0,0,306564.0,,,,,0,4046782.0,0,1.0,1.0
131,131,131,131,131,7360,2020-10-10,MI,7219.0,6891.0,19,328.0,,,862.0,0,,220.0,3860845.0,43645,,,3860845.0,,85.0,149464.0,134656.0,1648,0,,,,,185937.0,104271.0,,0,4010309.0,45293,306564.0,,,,,0,4046782.0,45518,1.0,1.0
132,132,132,132,132,7416,2020-10-09,MI,7200.0,6876.0,7,324.0,,,862.0,0,,220.0,3817200.0,41853,,,3817200.0,,85.0,147816.0,133134.0,1323,0,,,,,184064.0,99521.0,,0,3965016.0,43176,303491.0,,,,,0,4001264.0,43498,1.0,1.0
133,133,133,133,133,7472,2020-10-08,MI,7193.0,6869.0,24,324.0,,,862.0,0,,220.0,3775347.0,40804,,,3775347.0,,85.0,146493.0,132039.0,1401,0,,,,,182419.0,99521.0,,0,3921840.0,42205,302572.0,,,,,0,3957766.0,42115,1.0,1.0
134,134,134,134,134,7528,2020-10-07,MI,7169.0,6847.0,8,322.0,,,687.0,0,,201.0,3734543.0,33459,,,3734543.0,,88.0,145092.0,130842.0,1214,0,,,,,181108.0,99521.0,,0,3879635.0,34673,301600.0,,,,,0,3915651.0,34681,1.0,1.0
135,135,135,135,135,7584,2020-10-06,MI,7161.0,6838.0,22,323.0,,,678.0,0,,158.0,3701084.0,24983,,,3701084.0,,75.0,143878.0,129826.0,1152,0,,,,,179886.0,99521.0,,0,3844962.0,26135,300923.0,,,,,0,3880970.0,25864,1.0,1.0
136,136,136,136,136,7640,2020-10-05,MI,7139.0,6816.0,15,323.0,,,678.0,0,,158.0,3676101.0,53098,,,3676101.0,,67.0,142726.0,128923.0,1455,0,,,,,179005.0,99521.0,,0,3818827.0,54553,299146.0,,,,,0,3855106.0,55071,1.0,1.0
137,137,137,137,137,7696,2020-10-04,MI,7124.0,6801.0,0,323.0,,,678.0,0,,158.0,3623003.0,0,,,3623003.0,,62.0,141271.0,127516.0,0,0,,,,,177032.0,99521.0,,0,3764274.0,0,297983.0,,,,,0,3800035.0,0,1.0,1.0
138,138,138,138,138,7752,2020-10-03,MI,7124.0,6801.0,14,323.0,,,678.0,0,,158.0,3623003.0,39251,,,3623003.0,,62.0,141271.0,127516.0,1275,0,,,,,177032.0,99521.0,,0,3764274.0,40526,297983.0,,,,,0,3800035.0,40437,1.0,1.0
139,139,139,139,139,7808,2020-10-02,MI,7110.0,6788.0,8,322.0,,,678.0,0,,158.0,3583752.0,39183,,,3583752.0,,62.0,139996.0,126358.0,984,0,,,,,175846.0,95051.0,,0,3723748.0,40167,296844.0,,,,,0,3759598.0,40411,1.0,1.0
140,140,140,140,140,7864,2020-10-01,MI,7102.0,6781.0,19,321.0,,,678.0,0,,158.0,3544569.0,34721,,,3544569.0,,67.0,139012.0,125578.0,998,0,,,,,174618.0,95051.0,,0,3683581.0,35719,295830.0,,,,,0,3719187.0,35925,1.0,1.0
141,141,141,141,141,7920,2020-09-30,MI,7083.0,6762.0,11,321.0,,,557.0,0,,137.0,3509848.0,28584,,,3509848.0,,59.0,138014.0,124687.0,1194,0,,,,,173414.0,95051.0,,0,3647862.0,29778,294558.0,,,,,0,3683262.0,29538,1.0,1.0
142,142,142,142,142,7976,2020-09-29,MI,7072.0,6751.0,21,321.0,,,557.0,0,,137.0,3481264.0,22976,,,3481264.0,,60.0,136820.0,123633.0,1118,0,,,,,172460.0,95051.0,,0,3618084.0,24094,292652.0,,,,,0,3653724.0,23821,1.0,1.0
143,143,143,143,143,8032,2020-09-28,MI,7051.0,6731.0,7,320.0,,,557.0,0,,137.0,3458288.0,49604,,,3458288.0,,51.0,135702.0,122735.0,1329,0,,,,,171615.0,95051.0,,0,3593990.0,50933,292255.0,,,,,0,3629903.0,51319,1.0,1.0
144,144,144,144,144,8088,2020-09-27,MI,7044.0,6723.0,0,321.0,,,558.0,0,,139.0,3408684.0,0,,,3408684.0,,52.0,134373.0,121427.0,0,0,,,,,169900.0,95051.0,,0,3543057.0,0,291180.0,,,,,0,3578584.0,0,1.0,1.0
145,145,145,145,145,8144,2020-09-26,MI,7044.0,6723.0,17,321.0,,,558.0,0,,139.0,3408684.0,39749,,,3408684.0,,52.0,134373.0,121427.0,996,0,,,,,169900.0,95051.0,,0,3543057.0,40745,291180.0,,,,,0,3578584.0,40941,1.0,1.0
146,146,146,146,146,8200,2020-09-25,MI,7027.0,6708.0,8,319.0,,,558.0,0,,139.0,3368935.0,38448,,,3368935.0,,52.0,133377.0,120526.0,1040,0,,,,,168708.0,90216.0,,0,3502312.0,39488,289151.0,,,,,0,3537643.0,39572,1.0,1.0
147,147,147,147,147,8256,2020-09-24,MI,7019.0,6700.0,6,319.0,,,558.0,0,,139.0,3330487.0,36639,,,3330487.0,,50.0,132337.0,119597.0,1078,0,,,,,167584.0,90216.0,,0,3462824.0,37717,288257.0,,,,,0,3498071.0,37781,1.0,1.0
148,148,148,148,148,8312,2020-09-23,MI,7013.0,6692.0,16,321.0,,,501.0,0,,146.0,3293848.0,33327,,,3293848.0,,58.0,131259.0,118615.0,902,0,,,,,166442.0,90216.0,,0,3425107.0,34229,287162.0,,,,,0,3460290.0,34332,1.0,1.0
149,149,149,149,149,8368,2020-09-22,MI,6997.0,6680.0,16,317.0,,,501.0,0,,146.0,3260521.0,19516,,,3260521.0,,56.0,130357.0,117910.0,695,0,,,,,165437.0,90216.0,,0,3390878.0,20211,285455.0,,,,,0,3425958.0,20184,1.0,1.0
150,150,150,150,150,8424,2020-09-21,MI,6981.0,6665.0,12,316.0,,,501.0,0,,146.0,3241005.0,50623,,,3241005.0,,64.0,129662.0,117406.0,1575,0,,,,,164769.0,90216.0,,0,3370667.0,52198,285076.0,,,,,0,3405774.0,52088,1.0,1.0
151,151,151,151,151,8480,2020-09-20,MI,6969.0,6653.0,0,316.0,,,557.0,0,,150.0,3190382.0,0,,,3190382.0,,64.0,128087.0,115870.0,0,0,,,,,163304.0,90216.0,,0,3318469.0,0,283882.0,,,,,0,3353686.0,0,1.0,1.0
152,152,152,152,152,8536,2020-09-19,MI,6969.0,6653.0,15,316.0,,,557.0,0,,150.0,3190382.0,32852,,,3190382.0,,64.0,128087.0,115870.0,587,0,,,,,163304.0,90216.0,,0,3318469.0,33439,283882.0,,,,,0,3353686.0,33899,1.0,1.0
153,153,153,153,153,8592,2020-09-18,MI,6954.0,6638.0,-1,316.0,,,557.0,0,,150.0,3157530.0,32521,,,3157530.0,,64.0,127500.0,115387.0,778,0,,,,,162257.0,85513.0,,0,3285030.0,33299,282669.0,,,,,0,3319787.0,33566,1.0,1.0
154,154,154,154,154,8648,2020-09-17,MI,6955.0,6632.0,12,323.0,,,590.0,0,,152.0,3125009.0,32290,,,3125009.0,,67.0,126722.0,114692.0,980,0,,,,,161212.0,85513.0,,0,3251731.0,33270,279980.0,,,,,0,3286221.0,33274,1.0,1.0
155,155,155,155,155,8704,2020-09-16,MI,6943.0,6623.0,11,320.0,,,590.0,0,,152.0,3092719.0,30067,,,3092719.0,,65.0,125742.0,113863.0,773,0,,,,,160228.0,85513.0,,0,3218461.0,30840,270746.0,,,,,0,3252947.0,31041,1.0,1.0
156,156,156,156,156,8760,2020-09-15,MI,6932.0,6612.0,11,320.0,,,590.0,0,,152.0,3062652.0,24852,,,3062652.0,,68.0,124969.0,113183.0,682,0,,,,,159254.0,85513.0,,0,3187621.0,25534,270031.0,,,,,0,3221906.0,25779,1.0,1.0
157,157,157,157,157,8816,2020-09-14,MI,6921.0,6601.0,10,320.0,,,590.0,0,,152.0,3037800.0,50248,,,3037800.0,,82.0,124287.0,112612.0,1229,0,,,,,158327.0,85513.0,,0,3162087.0,51477,269507.0,,,,,0,3196127.0,51636,1.0,1.0
158,158,158,158,158,8872,2020-09-13,MI,6911.0,6591.0,0,320.0,,,627.0,0,,172.0,2987552.0,0,,,2987552.0,,77.0,123058.0,111524.0,0,0,,,,,156939.0,85513.0,,0,3110610.0,0,268368.0,,,,,0,3144491.0,0,1.0,1.0
159,159,159,159,159,8928,2020-09-12,MI,6911.0,6591.0,11,320.0,,,627.0,0,,172.0,2987552.0,37017,,,2987552.0,,77.0,123058.0,111524.0,807,0,,,,,156939.0,85513.0,,0,3110610.0,37824,268368.0,,,,,0,3144491.0,38323,1.0,1.0
160,160,160,160,160,8984,2020-09-11,MI,6900.0,6578.0,6,322.0,,,627.0,0,,172.0,2950535.0,34933,,,2950535.0,,77.0,122251.0,110832.0,1405,0,,,,,155633.0,80678.0,,0,3072786.0,36338,267328.0,,,,,0,3106168.0,36473,1.0,1.0
161,161,161,161,161,9040,2020-09-10,MI,6894.0,6569.0,7,325.0,,,627.0,0,,172.0,2915602.0,32188,,,2915602.0,,75.0,120846.0,109519.0,983,0,,,,,154093.0,80678.0,,0,3036448.0,33171,266151.0,,,,,0,3069695.0,33202,1.0,1.0
162,162,162,162,162,9096,2020-09-09,MI,6887.0,6552.0,76,335.0,,,616.0,0,,158.0,2883414.0,22232,,,2883414.0,,70.0,119863.0,108595.0,961,0,,,,,153079.0,80678.0,,0,3003277.0,23193,265430.0,,,,,0,3036493.0,23137,1.0,1.0
163,163,163,163,163,9152,2020-09-08,MI,6811.0,6539.0,1,272.0,,,616.0,0,,158.0,2861182.0,16907,,,2861182.0,,76.0,118902.0,107812.0,499,0,,,,,152174.0,80678.0,,0,2980084.0,17406,264994.0,,,,,0,3013356.0,17470,1.0,1.0
164,164,164,164,164,9208,2020-09-07,MI,6810.0,6538.0,4,272.0,,,616.0,0,,158.0,2844275.0,42464,,,2844275.0,,71.0,118403.0,107371.0,1212,0,,,,,151611.0,80678.0,,0,2962678.0,43676,264881.0,,,,,0,2995886.0,44071,1.0,1.0
165,165,165,165,165,9264,2020-09-06,MI,6806.0,6534.0,0,272.0,,,616.0,0,,158.0,2801811.0,0,,,2801811.0,,71.0,117191.0,106215.0,0,0,,,,,150004.0,80678.0,,0,2919002.0,0,263721.0,,,,,0,2951815.0,0,1.0,1.0
166,166,166,166,166,9320,2020-09-05,MI,6806.0,6534.0,8,272.0,,,616.0,0,,158.0,2801811.0,40125,,,2801811.0,,71.0,117191.0,106215.0,896,0,,,,,150004.0,80678.0,,0,2919002.0,41021,263721.0,,,,,0,2951815.0,40903,1.0,1.0
167,167,167,167,167,9376,2020-09-04,MI,6798.0,6526.0,7,272.0,,,616.0,0,,158.0,2761686.0,27477,,,2761686.0,,75.0,116295.0,105377.0,1053,0,,,,,148506.0,76151.0,,0,2877981.0,28530,262033.0,,,,,0,2910912.0,29205,1.0,1.0
168,168,168,168,168,9432,2020-09-03,MI,6791.0,6519.0,10,272.0,,,616.0,0,,158.0,2734209.0,31861,,,2734209.0,,75.0,115242.0,104395.0,774,0,,,,,147498.0,76151.0,,0,2849451.0,32635,261011.0,,,,,0,2881707.0,32855,1.0,1.0
169,169,169,169,169,9488,2020-09-02,MI,6781.0,6509.0,14,272.0,,,629.0,0,,156.0,2702348.0,26761,,,2702348.0,,78.0,114468.0,103710.0,648,0,,,,,146504.0,76151.0,,0,2816816.0,27409,259606.0,,,,,0,2848852.0,27594,1.0,1.0
170,170,170,170,170,9544,2020-09-01,MI,6767.0,6495.0,14,272.0,,,629.0,0,,156.0,2675587.0,24181,,,2675587.0,,83.0,113820.0,103186.0,795,0,,,,,145671.0,76151.0,,0,2789407.0,24976,258577.0,,,,,0,2821258.0,24996,1.0,1.0
171,171,171,171,171,9600,2020-08-31,MI,6753.0,6480.0,5,273.0,,,629.0,0,,156.0,2651406.0,19138,,,2651406.0,,90.0,113025.0,102468.0,499,0,,,,,144856.0,76151.0,,0,2764431.0,19637,257840.0,,,,,0,2796262.0,19765,1.0,1.0
172,172,172,172,172,9656,2020-08-30,MI,6748.0,6473.0,36,275.0,,,669.0,0,,184.0,2632268.0,59530,,,2632268.0,,93.0,112526.0,102017.0,1390,0,,,,,144229.0,76151.0,,0,2744794.0,60920,257397.0,,,,,0,2776497.0,27091,1.0,1.0
173,173,173,173,173,9712,2020-08-29,MI,6712.0,6446.0,0,266.0,,,669.0,0,,184.0,2572738.0,0,,,2572738.0,,93.0,111136.0,100699.0,0,0,,,,,142390.0,76151.0,,0,2683874.0,0,256585.0,,,,,0,2749406.0,34278,1.0,1.0
174,174,174,174,174,9768,2020-08-28,MI,6712.0,6446.0,6,266.0,,,669.0,0,,184.0,2572738.0,32250,,,2572738.0,,93.0,111136.0,100699.0,793,0,,,,,142390.0,72580.0,,0,2683874.0,33043,253766.0,,,,,0,2715128.0,33342,1.0,1.0
175,175,175,175,175,9824,2020-08-27,MI,6706.0,6440.0,16,266.0,,,669.0,0,,184.0,2540488.0,29616,,,2540488.0,,85.0,110343.0,99958.0,863,0,,,,,141298.0,72580.0,,0,2650831.0,30479,252101.0,,,,,0,2681786.0,30717,1.0,1.0
176,176,176,176,176,9880,2020-08-26,MI,6690.0,6424.0,6,266.0,,,637.0,0,,186.0,2510872.0,40334,,,2510872.0,,93.0,109480.0,99200.0,843,0,,,,,140197.0,72580.0,,0,2620352.0,41177,250244.0,,,,,0,2651069.0,41345,1.0,1.0
177,177,177,177,177,9936,2020-08-25,MI,6684.0,6417.0,21,267.0,,,637.0,0,,186.0,2470538.0,23330,,,2470538.0,,86.0,108637.0,98439.0,951,0,,,,,139186.0,72580.0,,0,2579175.0,24281,249056.0,,,,,0,2609724.0,24298,1.0,1.0
178,178,178,178,178,9992,2020-08-24,MI,6663.0,6397.0,4,266.0,,,637.0,0,,186.0,2447208.0,20544,,,2447208.0,,86.0,107686.0,97660.0,878,0,,,,,138218.0,72580.0,,0,2554894.0,21422,248310.0,,,,,0,2585426.0,21092,1.0,1.0
179,179,179,179,179,10048,2020-08-23,MI,6659.0,6393.0,4,266.0,,,646.0,0,,173.0,2426664.0,73669,,,2426664.0,,95.0,106808.0,96792.0,764,0,,,,,137670.0,72580.0,,0,2533472.0,74433,247944.0,,,,,0,2564334.0,76129,1.0,1.0
180,180,180,180,180,10104,2020-08-22,MI,6655.0,6389.0,21,266.0,,,646.0,0,,173.0,2352995.0,31911,,,2352995.0,,95.0,106044.0,96024.0,1426,0,,,,,135210.0,72580.0,,0,2459039.0,33337,244940.0,,,,,0,2488205.0,33018,1.0,1.0
181,181,181,181,181,10160,2020-08-21,MI,6634.0,6368.0,0,266.0,,,646.0,0,,173.0,2321084.0,0,,,2321084.0,,95.0,104618.0,94697.0,0,0,,,,,134103.0,67778.0,,0,2425702.0,0,243222.0,,,,,0,2455187.0,0,1.0,1.0
182,182,182,182,182,10216,2020-08-20,MI,6634.0,6368.0,16,266.0,,,646.0,0,,173.0,2321084.0,29987,,,2321084.0,,81.0,104618.0,94697.0,527,0,,,,,134103.0,67778.0,,0,2425702.0,30514,243222.0,,,,,0,2455187.0,31183,1.0,1.0
183,183,183,183,183,10272,2020-08-19,MI,6618.0,6349.0,10,269.0,,,653.0,0,,169.0,2291097.0,31975,,,2291097.0,,82.0,104091.0,94278.0,688,0,,,,,132907.0,67778.0,,0,2395188.0,32663,240643.0,,,,,0,2424004.0,32955,1.0,1.0
184,184,184,184,184,10328,2020-08-18,MI,6608.0,6340.0,16,268.0,,,653.0,0,,169.0,2259122.0,21664,,,2259122.0,,89.0,103403.0,93662.0,654,0,,,,,131927.0,67778.0,,0,2362525.0,22318,239798.0,,,,,0,2391049.0,22267,1.0,1.0
185,185,185,185,185,10384,2020-08-17,MI,6592.0,6325.0,0,267.0,,,653.0,0,,169.0,2237458.0,18667,,,2237458.0,,89.0,102749.0,93185.0,490,0,,,,,131324.0,67778.0,,0,2340207.0,19157,238946.0,,,,,0,2368782.0,19351,1.0,1.0
186,186,186,186,186,10440,2020-08-16,MI,6592.0,6324.0,6,268.0,,,713.0,0,,184.0,2218791.0,28794,,,2218791.0,,87.0,102259.0,92720.0,477,0,,,,,130640.0,67778.0,,0,2321050.0,29271,238181.0,,,,,0,2349431.0,29874,1.0,1.0
187,187,187,187,187,10496,2020-08-15,MI,6586.0,6318.0,20,268.0,,,713.0,0,,184.0,2189997.0,29570,,,2189997.0,,87.0,101782.0,92155.0,1058,0,,,,,129560.0,67778.0,,0,2291779.0,30628,237323.0,,,,,0,2319557.0,30824,1.0,1.0
188,188,188,188,188,10552,2020-08-14,MI,6566.0,6300.0,11,266.0,,,713.0,0,,184.0,2160427.0,37897,,,2160427.0,,87.0,100724.0,91140.0,868,0,,,,,128306.0,63636.0,,0,2261151.0,38765,235572.0,,,,,0,2288733.0,39292,1.0,1.0
189,189,189,189,189,10608,2020-08-13,MI,6555.0,6289.0,16,266.0,,,713.0,0,,184.0,2122530.0,39378,,,2122530.0,,90.0,99856.0,90392.0,1167,0,,,,,126911.0,63636.0,,0,2222386.0,40545,233568.0,,,,,0,2249441.0,40629,1.0,1.0
190,190,190,190,190,10664,2020-08-12,MI,6539.0,6273.0,6,266.0,,,640.0,0,,185.0,2083152.0,34811,,,2083152.0,,84.0,98689.0,89271.0,476,0,,,,,125660.0,63636.0,,0,2181841.0,35287,231232.0,,,,,0,2208812.0,35914,1.0,1.0
191,191,191,191,191,10720,2020-08-11,MI,6533.0,6264.0,7,269.0,,,640.0,0,,185.0,2048341.0,23058,,,2048341.0,,85.0,98213.0,88756.0,907,0,,,,,124557.0,63636.0,,0,2146554.0,23965,230011.0,,,,,0,2172898.0,24112,1.0,1.0
192,192,192,192,192,10776,2020-08-10,MI,6526.0,6257.0,7,269.0,,,640.0,0,,185.0,2025283.0,20677,,,2025283.0,,132.0,97306.0,87960.0,580,0,,,,,123503.0,63636.0,,0,2122589.0,21257,229030.0,,,,,0,2148786.0,21438,1.0,1.0
193,193,193,193,193,10832,2020-08-09,MI,6519.0,6249.0,-1,270.0,,,694.0,0,,232.0,2004606.0,25676,,,2004606.0,,132.0,96726.0,87403.0,535,0,,,,,122742.0,63636.0,,0,2101332.0,26211,228519.0,,,,,0,2127348.0,26500,1.0,1.0
194,194,194,194,194,10888,2020-08-08,MI,6520.0,6250.0,-4,270.0,,,694.0,0,,232.0,1978930.0,37805,,,1978930.0,,132.0,96191.0,86889.0,721,0,,,,,121918.0,63636.0,,0,2075121.0,38526,227521.0,,,,,0,2100848.0,38892,1.0,1.0
195,195,195,195,195,10944,2020-08-07,MI,6524.0,6247.0,18,277.0,,,694.0,0,,232.0,1941125.0,29203,,,1941125.0,,132.0,95470.0,86191.0,814,0,,,,,120831.0,60022.0,,0,2036595.0,30017,225674.0,,,,,0,2061956.0,30302,1.0,1.0
196,196,196,196,196,11000,2020-08-06,MI,6506.0,6247.0,28,259.0,,,694.0,0,,232.0,1911922.0,25343,,,1911922.0,,132.0,94656.0,85429.0,763,0,,,,,119732.0,60022.0,,0,2006578.0,26106,223982.0,,,,,0,2031654.0,26160,1.0,1.0
197,197,197,197,197,11056,2020-08-05,MI,6478.0,6221.0,7,257.0,,,694.0,0,,232.0,1886579.0,25339,,,1886579.0,,132.0,93893.0,84707.0,718,0,,,,,118915.0,60022.0,,0,1980472.0,26057,222019.0,,,,,0,2005494.0,26237,1.0,1.0
198,198,198,198,198,11112,2020-08-04,MI,6471.0,6219.0,8,252.0,,,694.0,0,,232.0,1861240.0,26791,,,1861240.0,,132.0,93175.0,84050.0,801,0,,,,,118017.0,60022.0,,0,1954415.0,27592,220799.0,,,,,0,1979257.0,27702,1.0,1.0
199,199,199,199,199,11168,2020-08-03,MI,6463.0,6212.0,6,251.0,,,694.0,0,,232.0,1834449.0,24369,,,1834449.0,,132.0,92374.0,83386.0,613,0,,,,,117106.0,60022.0,,0,1926823.0,24982,218538.0,,,,,0,1951555.0,25207,1.0,1.0
200,200,200,200,200,11224,2020-08-02,MI,6457.0,6206.0,0,251.0,,,727.0,0,,238.0,1810080.0,24582,,,1810080.0,,144.0,91761.0,82782.0,429,0,,,,,116268.0,60022.0,,0,1901841.0,25011,217937.0,,,,,0,1926348.0,25433,1.0,1.0
201,201,201,201,201,11280,2020-08-01,MI,6457.0,6206.0,7,251.0,,,727.0,0,,238.0,1785498.0,31625,,,1785498.0,,144.0,91332.0,82356.0,758,0,,,,,115417.0,60022.0,,0,1876830.0,32383,216608.0,,,,,0,1900915.0,32759,1.0,1.0
202,202,202,202,202,11336,2020-07-31,MI,6450.0,6199.0,7,251.0,,,727.0,0,,238.0,1753873.0,30476,,,1753873.0,,144.0,90574.0,81621.0,793,0,,,,,114283.0,57502.0,,0,1844447.0,31269,214923.0,,,,,0,1868156.0,31572,1.0,1.0
203,203,203,203,203,11392,2020-07-30,MI,6443.0,6191.0,21,252.0,,,727.0,0,,238.0,1723397.0,19138,,,1723397.0,,153.0,89781.0,80887.0,807,0,,,,,113187.0,57502.0,,0,1813178.0,19945,212732.0,,,,,0,1836584.0,16779,1.0,1.0
204,204,204,204,204,11448,2020-07-29,MI,6422.0,6172.0,1,250.0,,,670.0,0,,195.0,1704259.0,64335,,,1704259.0,,135.0,88974.0,80172.0,1016,0,,,,,115546.0,57502.0,,0,1793233.0,65351,210763.0,,,,,0,1819805.0,67930,1.0,1.0
205,205,205,205,205,11504,2020-07-28,MI,6421.0,6170.0,16,251.0,,,670.0,0,,195.0,1639924.0,26608,,,1639924.0,,135.0,87958.0,79176.0,785,0,,,,,111951.0,57502.0,,0,1727882.0,27393,209655.0,,,,,0,1751875.0,27983,1.0,1.0
206,206,206,206,206,11560,2020-07-27,MI,6405.0,6154.0,5,251.0,,,670.0,0,,195.0,1613316.0,29233,,,1613316.0,,113.0,87173.0,78507.0,512,0,,,,,110576.0,57502.0,,0,1700489.0,29745,208729.0,,,,,0,1723892.0,30180,1.0,1.0
207,207,207,207,207,11616,2020-07-26,MI,6400.0,6149.0,0,251.0,,,680.0,0,,210.0,1584083.0,54509,,,1584083.0,,113.0,86661.0,78019.0,1589,0,,,,,109629.0,57502.0,,0,1670744.0,56098,207540.0,,,,,0,1693712.0,56695,1.0,1.0
208,208,208,208,208,11672,2020-07-25,MI,6400.0,6151.0,0,249.0,,,751.0,0,,215.0,1529574.0,0,,,1529574.0,,113.0,85072.0,76541.0,0,0,,,,,107443.0,55162.0,,0,1614646.0,0,204810.0,,,,,0,1637017.0,0,1.0,1.0
209,209,209,209,209,11728,2020-07-24,MI,6400.0,6151.0,5,249.0,,,751.0,0,,215.0,1529574.0,27281,,,1529574.0,,113.0,85072.0,76541.0,641,0,,,,,107443.0,55162.0,,0,1614646.0,27922,204810.0,,,,,0,1637017.0,28357,1.0,1.0
210,210,210,210,210,11784,2020-07-23,MI,6395.0,6148.0,7,247.0,,,680.0,0,,210.0,1502293.0,26410,,,1502293.0,,120.0,84431.0,75947.0,701,0,,,,,106367.0,55162.0,,0,1586724.0,27111,202720.0,,,,,0,1608660.0,27375,1.0,1.0
211,211,211,211,211,11840,2020-07-22,MI,6388.0,6141.0,6,247.0,,,680.0,0,,210.0,1475883.0,29567,,,1475883.0,,120.0,83730.0,75248.0,671,0,,,,,105402.0,55162.0,,0,1559613.0,30238,200528.0,,,,,0,1581285.0,30588,1.0,1.0
212,212,212,212,212,11896,2020-07-21,MI,6382.0,6135.0,9,247.0,,,680.0,0,,210.0,1446316.0,21922,,,1446316.0,,130.0,83059.0,74725.0,664,0,,,,,104381.0,55162.0,,0,1529375.0,22586,199230.0,,,,,0,1550697.0,22893,1.0,1.0
213,213,213,213,213,11952,2020-07-20,MI,6373.0,6126.0,7,247.0,,,680.0,0,,210.0,1424394.0,21803,,,1424394.0,,102.0,82395.0,74152.0,527,0,,,,,103410.0,55162.0,,0,1506789.0,22330,198479.0,,,,,0,1527804.0,22600,1.0,1.0
214,214,214,214,214,12008,2020-07-19,MI,6366.0,6119.0,2,247.0,,,680.0,0,,201.0,1402591.0,27851,,,1402591.0,,102.0,81868.0,73663.0,530,0,,,,,102613.0,55162.0,,0,1484459.0,28381,197569.0,,,,,0,1505204.0,28819,1.0,1.0
215,215,215,215,215,12064,2020-07-18,MI,6364.0,6117.0,9,247.0,,,680.0,0,,201.0,1374740.0,29827,,,1374740.0,,102.0,81338.0,73180.0,745,0,,,,,101645.0,55162.0,,0,1456078.0,30572,195843.0,,,,,0,1476385.0,31024,1.0,1.0
216,216,216,216,216,12120,2020-07-17,MI,6355.0,6108.0,7,247.0,,,680.0,0,,201.0,1344913.0,29598,,,1344913.0,,88.0,80593.0,72502.0,754,0,,,,,100448.0,53867.0,,0,1425506.0,30352,192929.0,,,,,0,1445361.0,30559,1.0,1.0
217,217,217,217,217,12176,2020-07-16,MI,6348.0,6101.0,18,247.0,,,680.0,0,,201.0,1315315.0,26309,,,1315315.0,,107.0,79839.0,71842.0,926,0,,,,,99487.0,53867.0,,0,1395154.0,27235,190043.0,,,,,0,1414802.0,27257,1.0,1.0
218,218,218,218,218,12232,2020-07-15,MI,6330.0,6085.0,4,245.0,,,543.0,0,,184.0,1289006.0,33084,,,1289006.0,,107.0,78913.0,71197.0,1049,0,,,,,98539.0,53867.0,,0,1367919.0,34133,187617.0,,,,,0,1387545.0,34363,1.0,1.0
219,219,219,219,219,12288,2020-07-14,MI,6326.0,6081.0,5,245.0,,,543.0,0,,184.0,1255922.0,19693,,,1255922.0,,109.0,77864.0,70306.0,666,0,,,,,97260.0,53867.0,,0,1333786.0,20359,186178.0,,,,,0,1353182.0,20515,1.0,1.0
220,220,220,220,220,12344,2020-07-13,MI,6321.0,6075.0,7,246.0,,,543.0,0,,184.0,1236229.0,16850,,,1236229.0,,113.0,77198.0,69722.0,422,0,,,,,96438.0,53867.0,,0,1313427.0,17272,185189.0,,,,,0,1332667.0,17362,1.0,1.0
221,221,221,221,221,12400,2020-07-12,MI,6314.0,6068.0,1,246.0,,,505.0,0,,174.0,1219379.0,21627,,,1219379.0,,99.0,76776.0,69338.0,406,0,,,,,95926.0,53867.0,,0,1296155.0,22033,183784.0,,,,,0,1315305.0,22354,1.0,1.0
222,222,222,222,222,12456,2020-07-11,MI,6313.0,6067.0,28,246.0,,,505.0,0,,174.0,1197752.0,26632,,,1197752.0,,99.0,76370.0,68948.0,685,0,,,,,95199.0,53867.0,,0,1274122.0,27317,182310.0,,,,,0,1292951.0,27607,1.0,1.0
223,223,223,223,223,12512,2020-07-10,MI,6285.0,6039.0,14,246.0,,,505.0,0,,174.0,1171120.0,22630,,,1171120.0,,92.0,75685.0,68295.0,622,0,,,,,94224.0,52841.0,,0,1246805.0,23252,179789.0,,,,,0,1265344.0,23382,1.0,1.0
224,224,224,224,224,12568,2020-07-09,MI,6271.0,6024.0,9,247.0,,,505.0,0,,174.0,1148490.0,23038,,,1148490.0,,93.0,75063.0,67683.0,512,0,,,,,93472.0,52841.0,,0,1223553.0,23550,177549.0,,,,,0,1241962.0,23909,1.0,1.0
225,225,225,225,225,12624,2020-07-08,MI,6262.0,6015.0,11,247.0,,,505.0,0,,174.0,1125452.0,22841,,,1125452.0,,93.0,74551.0,67237.0,651,0,,,,,92601.0,52841.0,,0,1200003.0,23492,174840.0,,,,,0,1218053.0,23735,1.0,1.0
226,226,226,226,226,12680,2020-07-07,MI,6251.0,6005.0,30,246.0,,,505.0,0,,174.0,1102611.0,16517,,,1102611.0,,99.0,73900.0,66627.0,631,0,,,,,91707.0,52841.0,,0,1176511.0,17148,173395.0,,,,,0,1194318.0,17071,1.0,1.0
227,227,227,227,227,12736,2020-07-06,MI,6221.0,5975.0,3,246.0,,,505.0,0,,174.0,1086094.0,12216,,,1086094.0,,92.0,73269.0,66173.0,328,0,,,,,91153.0,52841.0,,0,1159363.0,12544,172386.0,,,,,0,1177247.0,12581,1.0,1.0
228,228,228,228,228,12792,2020-07-05,MI,6218.0,5972.0,0,246.0,,,548.0,0,,193.0,1073878.0,16305,,,1073878.0,,92.0,72941.0,65876.0,360,0,,,,,90788.0,52841.0,,0,1146819.0,16665,172203.0,,,,,0,1164666.0,16830,1.0,1.0
229,229,229,229,229,12848,2020-07-04,MI,6218.0,5972.0,3,246.0,,,548.0,0,,193.0,1057573.0,21483,,,1057573.0,,92.0,72581.0,65533.0,406,0,,,,,90263.0,52841.0,,0,1130154.0,21889,170893.0,,,,,0,1147836.0,22098,1.0,1.0
230,230,230,230,230,12904,2020-07-03,MI,6215.0,5969.0,3,246.0,,,548.0,0,,193.0,1036090.0,22631,,,1036090.0,,92.0,72175.0,65135.0,497,0,,,,,89648.0,51099.0,,0,1108265.0,23128,168588.0,,,,,0,1125738.0,23326,1.0,1.0
231,231,231,231,231,12960,2020-07-02,MI,6212.0,5966.0,14,246.0,,,548.0,0,,193.0,1013459.0,22689,,,1013459.0,,103.0,71678.0,64675.0,589,0,,,,,88953.0,51099.0,,0,1085137.0,23278,165567.0,,,,,0,1102412.0,23423,1.0,1.0
232,232,232,232,232,13016,2020-07-01,MI,6198.0,5951.0,5,247.0,,,471.0,0,,179.0,990770.0,16441,,,990770.0,,103.0,71089.0,64132.0,361,0,,,,,88219.0,51099.0,,0,1061859.0,16802,162911.0,,,,,0,1078989.0,16873,1.0,1.0
233,233,233,233,233,13072,2020-06-30,MI,6193.0,5947.0,32,246.0,,,471.0,0,,179.0,974329.0,15177,,,974329.0,,98.0,70728.0,63870.0,505,0,,,,,87787.0,51099.0,,0,1045057.0,15682,160431.0,,,,,0,1062116.0,15571,1.0,1.0
234,234,234,234,234,13128,2020-06-29,MI,6161.0,5915.0,3,246.0,,,557.0,0,,193.0,959152.0,12419,,,959152.0,,106.0,70223.0,63497.0,277,0,,,,,87393.0,51099.0,,0,1029375.0,12696,158486.0,,,,,0,1046545.0,12725,1.0,1.0
235,235,235,235,235,13184,2020-06-28,MI,6158.0,5912.0,5,246.0,,,557.0,0,,193.0,946733.0,15591,,,946733.0,,106.0,69946.0,63261.0,267,0,,,,,87087.0,51099.0,,0,1016679.0,15858,156996.0,,,,,0,1033820.0,15965,1.0,1.0
236,236,236,236,236,13240,2020-06-27,MI,6153.0,5907.0,19,246.0,,,557.0,0,,193.0,931142.0,18765,,,931142.0,,106.0,69679.0,63009.0,350,0,,,,,86713.0,51099.0,,0,1000821.0,19115,154909.0,,,,,0,1017855.0,19365,1.0,1.0
237,237,237,237,237,13296,2020-06-26,MI,6134.0,5888.0,1,246.0,,,557.0,0,,193.0,912377.0,18527,,,912377.0,,106.0,69329.0,62695.0,340,0,,,,,86113.0,49290.0,,0,981706.0,18867,151973.0,,,,,0,998490.0,19072,1.0,1.0
238,238,238,238,238,13352,2020-06-25,MI,6133.0,5886.0,19,247.0,,,557.0,0,,193.0,893850.0,17600,,,893850.0,,115.0,68989.0,62306.0,434,0,,,,,85568.0,49290.0,,0,962839.0,18034,148912.0,,,,,0,979418.0,18050,1.0,1.0
239,239,239,239,239,13408,2020-06-24,MI,6114.0,5868.0,5,246.0,,,557.0,0,,209.0,876250.0,15779,,,876250.0,,124.0,68555.0,61953.0,358,0,,,,,85118.0,49290.0,,0,944805.0,16137,146035.0,,,,,0,961368.0,16159,1.0,1.0
240,240,240,240,240,13464,2020-06-23,MI,6109.0,5864.0,12,245.0,,,557.0,0,,209.0,860471.0,10411,,,860471.0,,99.0,68197.0,61630.0,240,0,,,,,84738.0,49290.0,,0,928668.0,10651,144088.0,,,,,0,945209.0,10664,1.0,1.0
241,241,241,241,241,13520,2020-06-22,MI,6097.0,5853.0,7,244.0,,,557.0,0,,209.0,850060.0,10345,,,850060.0,,99.0,67957.0,61409.0,246,0,,,,,84485.0,49290.0,,0,918017.0,10591,143099.0,,,,,0,934545.0,10584,1.0,1.0
242,242,242,242,242,13576,2020-06-21,MI,6090.0,5846.0,3,244.0,,,557.0,0,,209.0,839715.0,12626,,,839715.0,,99.0,67711.0,61230.0,166,0,,,,,84246.0,49290.0,,0,907426.0,12792,141941.0,,,,,0,923961.0,12933,1.0,1.0
243,243,243,243,243,13632,2020-06-20,MI,6087.0,5843.0,20,244.0,,,557.0,0,,209.0,827089.0,14258,,,827089.0,,99.0,67545.0,61084.0,448,0,,,,,83939.0,49290.0,,0,894634.0,14706,140185.0,,,,,0,911028.0,14646,1.0,1.0
244,244,244,244,244,13688,2020-06-19,MI,6067.0,5823.0,6,244.0,,,557.0,0,,209.0,812831.0,29443,,,812831.0,,99.0,67097.0,60829.0,299,0,,,,,83551.0,44964.0,,0,879928.0,29742,137858.0,,,,,0,896382.0,30105,1.0,1.0
245,245,245,245,245,13744,2020-06-18,MI,6061.0,5818.0,25,243.0,,,557.0,0,,209.0,783388.0,0,,,783388.0,,101.0,66798.0,60618.0,301,0,,,,,82889.0,44964.0,,0,850186.0,301,132227.0,,,,,0,866277.0,0,1.0,1.0
246,246,246,246,246,13800,2020-06-17,MI,6036.0,5792.0,2,244.0,,,562.0,0,,210.0,783388.0,14123,,,783388.0,,131.0,66497.0,60393.0,228,0,,,,,82889.0,44964.0,,0,849885.0,14351,132227.0,,,,,0,866277.0,14447,1.0,1.0
247,247,247,247,247,13856,2020-06-16,MI,6034.0,5790.0,17,244.0,,,562.0,0,,210.0,769265.0,11313,,,769265.0,,131.0,66269.0,60189.0,184,0,,,,,82565.0,44964.0,,0,835534.0,11497,130254.0,,,,,0,851830.0,11964,1.0,1.0
248,248,248,248,248,13912,2020-06-15,MI,6017.0,5772.0,1,245.0,,,562.0,0,,210.0,757952.0,10508,,,757952.0,,139.0,66085.0,60064.0,31,0,,,,,82274.0,44964.0,,0,824037.0,10539,128657.0,,,,,0,839866.0,10343,1.0,1.0
249,249,249,249,249,13968,2020-06-14,MI,6016.0,5771.0,3,245.0,,,636.0,0,,253.0,747444.0,13797,,,747444.0,,139.0,66054.0,59990.0,218,0,,,,,82079.0,44964.0,,0,813498.0,14015,127842.0,,,,,0,829523.0,14149,1.0,1.0
250,250,250,250,250,14024,2020-06-13,MI,6013.0,5768.0,23,245.0,,,636.0,0,,253.0,733647.0,13032,,,733647.0,,139.0,65836.0,59801.0,164,0,,,,,81727.0,44964.0,,0,799483.0,13196,125950.0,,,,,0,815374.0,13338,1.0,1.0
251,251,251,251,251,14080,2020-06-12,MI,5990.0,5745.0,5,245.0,,,636.0,0,,253.0,720615.0,15544,,,720615.0,,139.0,65672.0,59621.0,223,0,,,,,81421.0,42041.0,,0,786287.0,15767,122843.0,,,,,0,802036.0,15882,1.0,1.0
252,252,252,252,252,14136,2020-06-11,MI,5985.0,5738.0,33,247.0,,,661.0,0,,249.0,705071.0,14202,,,705071.0,,150.0,65449.0,59496.0,267,0,,,,,81083.0,42041.0,,0,770520.0,14469,120796.0,,,,,0,786154.0,14602,1.0,1.0
253,253,253,253,253,14192,2020-06-10,MI,5952.0,5708.0,1,244.0,,,661.0,0,,249.0,690869.0,0,,,690869.0,,150.0,65182.0,59278.0,15,0,,,,,80683.0,42041.0,,0,756051.0,15,116586.0,,,,,0,771552.0,0,1.0,1.0
254,254,254,254,254,14248,2020-06-09,MI,5951.0,5708.0,9,244.0,,,661.0,0,,249.0,690869.0,16809,,,690869.0,,150.0,65167.0,59265.0,63,0,,,,,80683.0,42041.0,,0,756036.0,16872,116586.0,,,,,0,771552.0,17144,1.0,1.0
255,255,255,255,255,14304,2020-06-08,MI,5942.0,5707.0,15,244.0,,,661.0,0,,249.0,674060.0,12804,,,674060.0,,191.0,65104.0,59211.0,135,0,,,,,80348.0,42041.0,,0,739164.0,12939,114914.0,,,,,0,754408.0,13040,1.0,1.0
256,256,256,256,256,14360,2020-06-07,MI,5927.0,5698.0,11,244.0,,,864.0,0,,315.0,661256.0,10314,,,661256.0,,191.0,64969.0,59107.0,55,0,,,,,80112.0,42041.0,,0,726225.0,10369,113451.0,,,,,0,741368.0,10531,1.0,1.0
257,257,257,257,257,14416,2020-06-06,MI,5916.0,5683.0,7,244.0,,,864.0,0,,315.0,650942.0,10492,,,650942.0,,191.0,64914.0,59073.0,93,0,,,,,79895.0,42041.0,,0,715856.0,10585,111125.0,,,,,0,730837.0,10749,1.0,1.0
258,258,258,258,258,14472,2020-06-05,MI,5909.0,5672.0,8,244.0,,,617.0,0,,321.0,640450.0,12543,,,640450.0,,205.0,64821.0,59001.0,205,0,,,,,79638.0,38099.0,,0,705271.0,12748,104273.0,,,,,0,720088.0,12958,1.0,1.0
259,259,259,259,259,14528,2020-06-04,MI,5901.0,5665.0,17,244.0,,,617.0,0,,321.0,627907.0,14734,,,627907.0,,205.0,64616.0,58878.0,234,0,,,,,79223.0,38099.0,,0,692523.0,14968,101172.0,,,,,0,707130.0,15114,1.0,1.0
260,260,260,260,260,14584,2020-06-03,MI,5884.0,5657.0,15,243.0,,,646.0,0,,328.0,613173.0,16101,,,613173.0,,224.0,64382.0,58760.0,279,0,,,,,78843.0,38099.0,,0,677555.0,16380,98953.0,,,,,0,692016.0,16696,1.0,1.0
261,261,261,261,261,14640,2020-06-02,MI,5869.0,5641.0,26,242.0,,,674.0,0,,346.0,597072.0,15648,,,597072.0,,240.0,64103.0,58594.0,290,0,,,,,78248.0,38099.0,,0,661175.0,15938,97108.0,,,,,0,675320.0,16167,1.0,1.0
262,262,262,262,262,14696,2020-06-01,MI,5843.0,5627.0,25,242.0,,,674.0,0,,346.0,581424.0,14232,,,581424.0,,240.0,63813.0,58417.0,245,0,,,,,77729.0,38099.0,,0,645237.0,14477,67783.0,,,,,0,659153.0,14634,1.0,1.0
263,263,263,263,263,14752,2020-05-31,MI,5818.0,5601.0,16,240.0,,,774.0,0,,371.0,567192.0,12683,,,567192.0,,250.0,63568.0,58254.0,247,0,,,,,77327.0,38099.0,,0,630760.0,12930,67783.0,,,,,0,644519.0,13152,1.0,1.0
264,264,264,264,264,14808,2020-05-30,MI,5802.0,5578.0,24,240.0,,,774.0,0,,371.0,554509.0,15641,,,554509.0,,250.0,63321.0,58065.0,205,0,,,,,76858.0,38099.0,,0,617830.0,15846,67783.0,,,,,0,631367.0,16229,1.0,1.0
265,265,265,265,265,14864,2020-05-29,MI,5778.0,5562.0,27,240.0,,,774.0,0,,371.0,538868.0,16205,,,538868.0,,250.0,63116.0,57904.0,319,0,,,,,76270.0,33168.0,,0,601984.0,16524,67783.0,,,,,0,615138.0,17310,1.0,1.0
266,266,266,266,266,14920,2020-05-28,MI,5751.0,5538.0,24,240.0,,,860.0,0,,405.0,522663.0,17054,,,522663.0,,251.0,62797.0,57695.0,336,0,,,,,75165.0,33168.0,,0,585460.0,17390,67783.0,,,,,0,597828.0,18146,1.0,1.0
267,267,267,267,267,14976,2020-05-27,MI,5727.0,5511.0,24,240.0,,,882.0,0,,388.0,505609.0,17703,,,505609.0,,272.0,62461.0,57477.0,386,0,,,,,74073.0,33168.0,,0,568070.0,18089,67783.0,,,,,0,579682.0,18587,1.0,1.0
268,268,268,268,268,15032,2020-05-26,MI,5703.0,5487.0,25,240.0,,,953.0,0,,449.0,487906.0,11581,,,487906.0,,319.0,62075.0,57205.0,443,0,,,,,73189.0,33168.0,,0,549981.0,12024,67783.0,,,,,0,561095.0,11988,1.0,1.0
269,269,269,269,269,15088,2020-05-25,MI,5678.0,5463.0,38,238.0,,,953.0,0,,449.0,476325.0,9238,,,476325.0,,319.0,61632.0,56892.0,175,0,,,,,72782.0,33168.0,,0,537957.0,9413,67783.0,,,,,0,549107.0,9557,1.0,1.0
270,270,270,270,270,15144,2020-05-24,MI,5640.0,5440.0,28,238.0,,,953.0,0,,449.0,467087.0,11531,,,467087.0,,319.0,61457.0,56741.0,164,0,,,,,72463.0,33168.0,,0,528544.0,11695,61973.0,,,,,0,539550.0,11929,1.0,1.0
271,271,271,271,271,15200,2020-05-23,MI,5612.0,5402.0,26,237.0,,,953.0,0,,449.0,455556.0,14274,,,455556.0,,319.0,61293.0,56612.0,218,0,,,,,72065.0,33168.0,,0,516849.0,14492,61973.0,,,,,0,527621.0,14869,1.0,1.0
272,272,272,272,272,15256,2020-05-22,MI,5586.0,5375.0,31,237.0,,,955.0,0,,470.0,441282.0,19494,,,441282.0,,348.0,61075.0,56445.0,465,0,,,,,71470.0,28234.0,,0,502357.0,19959,,,,,,0,512752.0,20340,1.0,1.0
273,273,273,273,273,15312,2020-05-21,MI,5555.0,5349.0,41,237.0,,,1054.0,0,,472.0,421788.0,15940,,,421788.0,,361.0,60610.0,56132.0,459,0,,,,,70624.0,28234.0,,0,482398.0,16399,,,,,,0,492412.0,16698,1.0,1.0
274,274,274,274,274,15368,2020-05-20,MI,5514.0,5318.0,44,236.0,,,1066.0,0,,492.0,405848.0,13640,,,405848.0,,332.0,60151.0,55838.0,575,0,,,,,69866.0,28234.0,,0,465999.0,14215,,,,,,0,475714.0,14349,1.0,1.0
275,275,275,275,275,15424,2020-05-19,MI,5470.0,5278.0,43,233.0,,,1079.0,0,,486.0,392208.0,16093,,,392208.0,,351.0,59576.0,55461.0,764,0,,,,,69157.0,28234.0,,0,451784.0,16857,,,,,,0,461365.0,17060,1.0,1.0
276,276,276,276,276,15480,2020-05-18,MI,5427.0,5237.0,31,233.0,,,1075.0,0,,473.0,376115.0,12567,,,376115.0,,418.0,58812.0,54872.0,534,0,,,,,68190.0,28234.0,,0,434927.0,13101,,,,,,0,444305.0,13503,1.0,1.0
277,277,277,277,277,15536,2020-05-17,MI,5396.0,5194.0,39,233.0,,,1114.0,0,,488.0,363548.0,10392,,,363548.0,,434.0,58278.0,54457.0,255,0,,,,,67254.0,28234.0,,0,421826.0,10647,,,,,,0,430802.0,11436,1.0,1.0
278,278,278,278,278,15592,2020-05-16,MI,5357.0,5163.0,32,233.0,,,1256.0,0,,532.0,353156.0,11329,,,353156.0,,440.0,58023.0,54246.0,336,0,,,,,66210.0,28234.0,,0,411179.0,11665,,,,,,0,419366.0,12186,1.0,1.0
279,279,279,279,279,15648,2020-05-15,MI,5325.0,5124.0,47,233.0,,,1256.0,0,,532.0,341827.0,15170,,,341827.0,,440.0,57687.0,53956.0,651,0,,,,,65353.0,22686.0,,0,399514.0,15821,,,,,,0,407180.0,16004,,0.8333333333333334
280,280,280,280,280,15704,2020-05-14,MI,5278.0,5092.0,46,232.0,,,1330.0,0,,653.0,326657.0,16415,,,326657.0,,515.0,57036.0,53451.0,578,0,,,,,64519.0,22686.0,,0,383693.0,16993,,,,,,0,391176.0,17692,,0.8333333333333334
281,281,281,281,281,15760,2020-05-13,MI,5232.0,5046.0,44,231.0,,,1384.0,0,,693.0,310242.0,18541,,,310242.0,,525.0,56458.0,53030.0,817,0,,,,,63242.0,22686.0,,0,366700.0,19358,,,,,,0,373484.0,19575,,0.8333333333333334
282,282,282,282,282,15816,2020-05-12,MI,5188.0,5001.0,49,230.0,,,1384.0,0,,693.0,291701.0,13408,,,291701.0,,525.0,55641.0,52399.0,1637,0,,,,,62208.0,22686.0,,0,347342.0,15045,,,,,,0,353909.0,14066,,0.8333333333333334
283,283,283,283,283,15872,2020-05-11,MI,5139.0,4958.0,58,228.0,,,1424.0,0,,685.0,278293.0,10876,,,278293.0,,557.0,54004.0,50925.0,971,0,,,,,61550.0,22686.0,,0,332297.0,11847,,,,,,0,339843.0,11509,,0.8333333333333334
284,284,284,284,284,15928,2020-05-10,MI,5081.0,4911.0,45,228.0,,,1437.0,0,,674.0,267417.0,8152,,,267417.0,,536.0,53033.0,50129.0,301,0,,,,,60917.0,22686.0,,0,320450.0,8453,,,,,,0,328334.0,8654,,0.8333333333333334
285,285,285,285,285,15984,2020-05-09,MI,5036.0,4853.0,49,227.0,,,1531.0,0,,683.0,259265.0,11123,,,259265.0,,539.0,52732.0,49871.0,383,0,,,,,60415.0,22686.0,,0,311997.0,11506,,,,,,0,319680.0,11879,,0.8333333333333334
286,286,286,286,286,16040,2020-05-08,MI,4987.0,4809.0,62,215.0,,,1637.0,0,,725.0,248142.0,11958,,,248142.0,,570.0,52349.0,49565.0,618,0,,,,,59659.0,15659.0,,0,300491.0,12576,,,,,,0,307801.0,12785,,0.8333333333333334
287,287,287,287,287,16096,2020-05-07,MI,4925.0,4772.0,86,211.0,,,1697.0,0,,753.0,236184.0,11621,,,236184.0,,612.0,51731.0,49064.0,600,0,,,,,58832.0,15659.0,,0,287915.0,12221,,,,,,0,295016.0,12565,,0.8333333333333334
288,288,288,288,288,16152,2020-05-06,MI,4839.0,4714.0,58,209.0,,,1818.0,0,,794.0,224563.0,11472,,,224563.0,,617.0,51131.0,48572.0,634,0,,,,,57888.0,15659.0,,0,275694.0,12106,,,,,,0,282451.0,12496,,0.8333333333333334
289,289,289,289,289,16208,2020-05-05,MI,4781.0,4630.0,59,208.0,,,1948.0,0,,839.0,213091.0,10420,,,213091.0,,670.0,50497.0,48034.0,688,0,,,,,56864.0,15659.0,,0,263588.0,11108,,,,,,0,269955.0,11419,,0.8333333333333334
290,290,290,290,290,16264,2020-05-04,MI,4722.0,4573.0,81,206.0,,,1948.0,0,,839.0,202671.0,7310,,,202671.0,,670.0,49809.0,47451.0,780,0,,,,,55865.0,15659.0,,0,252480.0,8090,,,,,,0,258536.0,7947,,0.8333333333333334
291,291,291,291,291,16320,2020-05-03,MI,4641.0,4516.0,62,205.0,,,2100.0,0,,850.0,195361.0,6648,,,195361.0,,713.0,49029.0,46783.0,357,0,,,,,55228.0,15659.0,,0,244390.0,7005,,,,,,0,250589.0,7223,,0.8333333333333334
292,292,292,292,292,16376,2020-05-02,MI,4579.0,4436.0,59,203.0,,,2100.0,0,,850.0,188713.0,9906,,,188713.0,,713.0,48672.0,46455.0,432,0,,,,,54653.0,15659.0,,0,237385.0,10338,,,,,,0,243366.0,10838,,0.8333333333333334
293,293,293,293,293,16432,2020-05-01,MI,4520.0,4376.0,86,203.0,,,2319.0,0,,966.0,178807.0,9863,,,178807.0,,760.0,48240.0,46072.0,735,0,,,,,53721.0,8342.0,,0,227047.0,10598,,,,,,0,232528.0,10950,,0.8333333333333334
294,294,294,294,294,16488,2020-04-30,MI,4434.0,4317.0,99,202.0,,,2319.0,0,,966.0,168944.0,10571,,,168944.0,,760.0,47505.0,45406.0,1017,0,,,,,52634.0,8342.0,,0,216449.0,11588,,,,,,0,221578.0,11723,,0.8333333333333334
295,295,295,295,295,16544,2020-04-29,MI,4335.0,4232.0,88,199.0,,,2498.0,0,,997.0,158373.0,9463,,,158373.0,,778.0,46488.0,44508.0,950,0,,,,,51482.0,8342.0,,0,204861.0,10413,,,,,,0,209855.0,10649,,0.8333333333333334
296,296,296,296,296,16600,2020-04-28,MI,4247.0,4136.0,99,198.0,,,2623.0,0,,1027.0,148910.0,7938,,,148910.0,,801.0,45538.0,43634.0,829,0,,,,,50296.0,8342.0,,0,194448.0,8767,,,,,,0,199206.0,9050,,0.8333333333333334
297,297,297,297,297,16656,2020-04-27,MI,4148.0,4049.0,112,191.0,,,2667.0,0,,1059.0,140972.0,6541,,,140972.0,,832.0,44709.0,42885.0,920,0,,,,,49184.0,8342.0,,0,185681.0,7461,,,,,,0,190156.0,7399,,0.8333333333333334
298,298,298,298,298,16712,2020-04-26,MI,4036.0,3957.0,107,190.0,,,2757.0,0,,1099.0,134431.0,5476,,,134431.0,,871.0,43789.0,42027.0,526,0,,,,,48326.0,8342.0,,0,178220.0,6002,,,,,,0,182757.0,6094,,0.8333333333333334
299,299,299,299,299,16768,2020-04-25,MI,3929.0,3846.0,111,184.0,,,2889.0,0,,1164.0,128955.0,5901,,,128955.0,,934.0,43263.0,41548.0,533,0,,,,,47708.0,8342.0,,0,172218.0,6434,,,,,,0,176663.0,6721,,0.8333333333333334
300,300,300,300,300,16824,2020-04-24,MI,3818.0,3745.0,107,182.0,,,3022.0,0,,1176.0,123054.0,8049,,,123054.0,,965.0,42730.0,41066.0,1036,0,,,,,46888.0,3237.0,,0,165784.0,9085,,,,,,0,169942.0,9089,,0.8333333333333334
301,301,301,301,301,16880,2020-04-23,MI,3711.0,3636.0,109,180.0,,,3611.0,0,,1148.0,115005.0,8352,,,115005.0,,1027.0,41694.0,40145.0,989,0,,,,,45848.0,3237.0,,0,156699.0,9341,,,,,,0,160853.0,9699,,0.8333333333333334
302,302,302,302,302,16936,2020-04-22,MI,3602.0,3531.0,131,174.0,,,3305.0,0,,1350.0,106653.0,6986,,,106653.0,,1065.0,40705.0,39267.0,1116,0,,,,,44501.0,3237.0,,0,147358.0,8102,,,,,,0,151154.0,8341,,0.8333333333333334
303,303,303,303,303,16992,2020-04-21,MI,3471.0,3428.0,124,171.0,,,3357.0,0,,1346.0,99667.0,6274,,,99667.0,,1107.0,39589.0,38208.0,1095,0,,,,,43146.0,3237.0,,0,139256.0,7369,,,,,,0,142813.0,7609,,0.8333333333333334
304,304,304,304,304,17048,2020-04-20,MI,3347.0,3300.0,111,169.0,,,3374.0,0,,1346.0,93393.0,3635,,,93393.0,,1102.0,38494.0,37170.0,937,0,,,,,41811.0,3237.0,,0,131887.0,4572,,,,,,0,135204.0,4527,,0.8333333333333334
305,305,305,305,305,17104,2020-04-19,MI,3236.0,3178.0,129,160.0,,,3403.0,0,,1344.0,89758.0,2644,,,89758.0,,1115.0,37557.0,36293.0,528,0,,,,,40919.0,3237.0,,0,127315.0,3172,,,,,,0,130677.0,3286,,0.8333333333333334
306,306,306,306,306,17160,2020-04-18,MI,3107.0,3076.0,123,152.0,,,3634.0,0,,1423.0,87114.0,3846,,,87114.0,,1203.0,37029.0,35789.0,709,0,,,,,40277.0,3237.0,,0,124143.0,4555,,,,,,0,127391.0,4884,,0.8333333333333334
307,307,307,307,307,17216,2020-04-17,MI,2984.0,2955.0,143,148.0,,,3674.0,0,,1428.0,83268.0,4994,,,83268.0,,1167.0,36320.0,35118.0,865,0,,,,,39239.0,629.0,,0,119588.0,5859,,,,,,0,122507.0,6067,,0.8333333333333334
308,308,308,308,308,17272,2020-04-16,MI,2841.0,2836.0,169,140.0,,,3809.0,0,,1447.0,78274.0,4446,,,78274.0,,1211.0,35455.0,34298.0,922,0,,,,,38166.0,617.0,,0,113729.0,5368,,,,,,0,116440.0,5674,,0.8333333333333334
309,309,309,309,309,17328,2020-04-15,MI,2672.0,2701.0,140,135.0,,,3918.0,0,,1468.0,73828.0,3153,,,73828.0,,1212.0,34533.0,33448.0,920,0,,,,,36938.0,452.0,,0,108361.0,4073,,,,,,0,110766.0,4583,,0.8333333333333334
310,310,310,310,310,17384,2020-04-14,MI,2532.0,2537.0,141,131.0,,,3910.0,0,,1497.0,70675.0,3612,,,70675.0,,1235.0,33613.0,32572.0,911,0,,,,,35508.0,452.0,,0,104288.0,4523,,,,,,0,106183.0,5000,,0.8333333333333334
311,311,311,311,311,17440,2020-04-13,MI,2391.0,2401.0,142,122.0,,,3986.0,0,,1570.0,67063.0,2508,,,67063.0,,1365.0,32702.0,31715.0,1036,0,,,,,34120.0,447.0,,0,99765.0,3544,,,,,,0,101183.0,3590,,0.8333333333333334
312,312,312,312,312,17496,2020-04-12,MI,2249.0,2269.0,168,113.0,,,3636.0,0,,1582.0,64555.0,2314,,,64555.0,,1441.0,31666.0,30727.0,686,0,,,,,33038.0,433.0,,0,96221.0,3000,,,,,,0,97593.0,3286,,0.8333333333333334
313,313,313,313,313,17552,2020-04-11,MI,2081.0,2136.0,164,103.0,,,3636.0,0,,1582.0,62241.0,2644,,,62241.0,,1441.0,30980.0,30085.0,808,0,,,,,32066.0,595.0,,0,93221.0,3452,,,,,,0,94307.0,3755,,0.8333333333333334
314,314,314,314,314,17608,2020-04-10,MI,1917.0,1978.0,161,95.0,,,3823.0,0,,1663.0,59597.0,3167,,,59597.0,,1394.0,30172.0,29327.0,1076,0,,,,,30955.0,56.0,,0,89769.0,4243,,,,,,0,90552.0,4580,,0.8333333333333334
315,315,315,315,315,17664,2020-04-09,MI,1756.0,1822.0,156,88.0,,,3826.0,0,,1628.0,56430.0,3254,,,56430.0,,1434.0,29096.0,28303.0,1032,0,,,,,29542.0,56.0,,0,85526.0,4286,,,,,,0,85972.0,4786,,0.8333333333333334
316,316,316,316,316,17720,2020-04-08,MI,1600.0,1668.0,151,78.0,,,,0,,,53176.0,2832,,,53176.0,,,28064.0,27334.0,1100,0,,,,,28010.0,56.0,,0,81240.0,3932,,,,,,0,81186.0,4053,,0.3333333333333333
317,317,317,317,317,17776,2020-04-07,MI,1449.0,1522.0,158,72.0,,,,0,,,50344.0,3082,,,50344.0,,,26964.0,26290.0,1179,0,,,,,26789.0,56.0,,0,77308.0,4261,,,,,,0,77133.0,4852,,0.3333333333333333
318,318,318,318,318,17832,2020-04-06,MI,1291.0,1377.0,141,66.0,,,,0,,,47262.0,3108,,,47262.0,,,25785.0,25186.0,1327,0,,,,,25019.0,56.0,,0,73047.0,4435,,,,,,0,72281.0,5226,,0.3333333333333333
319,319,319,319,319,17888,2020-04-05,MI,1150.0,1225.0,120,58.0,,,,0,,,44154.0,2949,,,44154.0,,,24458.0,23908.0,877,0,,,,,22901.0,56.0,,0,68612.0,3826,,,,,,0,67055.0,4850,,0.3333333333333333
320,320,320,320,320,17944,2020-04-04,MI,1030.0,1092.0,112,45.0,,,,0,,,41205.0,4145,,,41205.0,,,23581.0,23071.0,1002,0,,,,,21000.0,56.0,,0,64786.0,5147,,,,,,0,62205.0,7109,,0.3333333333333333
321,321,321,321,321,18000,2020-04-03,MI,918.0,985.0,117,39.0,,,,0,,,37060.0,3617,,,37060.0,,,22579.0,22102.0,1203,0,,,,,18036.0,56.0,,0,59639.0,4820,,,,,,0,55096.0,6001,,0.3333333333333333
322,322,322,322,322,18056,2020-04-02,MI,801.0,879.0,125,36.0,,,,0,,,33443.0,3492,,,33443.0,,,21376.0,20937.0,1130,0,,,,,15652.0,,,0,54819.0,4622,,,,,,0,49095.0,5907,,0.16666666666666666
323,323,323,323,323,18112,2020-04-01,MI,676.0,765.0,125,35.0,,,,0,,,29951.0,3617,,,29951.0,,,20246.0,19844.0,1592,0,,,,,13237.0,,,0,50197.0,5209,,,,,,0,43188.0,6133,,0.16666666666666666
324,324,324,324,324,18168,2020-03-31,MI,551.0,641.0,114,33.0,,,,0,,,26334.0,3071,,,26334.0,,,18654.0,18318.0,1291,0,,,,,10721.0,,,0,44988.0,4362,,,,,,0,37055.0,4883,,0.16666666666666666
325,325,325,325,325,18224,2020-03-30,MI,437.0,518.0,86,29.0,,,,0,,,23263.0,5846,,,23263.0,,,17363.0,17058.0,1579,0,,,,,8909.0,,,0,40626.0,7425,,,,,,0,32172.0,7860,,0.16666666666666666
326,326,326,326,326,18280,2020-03-29,MI,351.0,408.0,68,25.0,,,,0,,,17417.0,1515,,,17417.0,,,15784.0,15519.0,919,0,,,,,6895.0,,,0,33201.0,2434,,,,,,0,24312.0,2392,,0.16666666666666666
327,327,327,327,327,18336,2020-03-28,MI,283.0,326.0,71,19.0,,,,0,,,15902.0,1762,,,15902.0,,,14865.0,14625.0,1066,0,,,,,6018.0,,,0,30767.0,2828,,,,,,0,21920.0,2787,,0.16666666666666666
328,328,328,328,328,18392,2020-03-27,MI,212.0,264.0,53,15.0,,,,0,,,14140.0,2410,,,14140.0,,,13799.0,13585.0,1324,0,,,,,4993.0,,,0,27939.0,3734,,,,,,0,19133.0,3536,,0.16666666666666666
329,329,329,329,329,18448,2020-03-26,MI,159.0,197.0,48,10.0,,,,0,,,11730.0,2888,,,11730.0,,,12475.0,12288.0,1140,0,,,,,3867.0,,,0,24205.0,4028,,,,,,0,15597.0,3815,,0.16666666666666666
330,330,330,330,330,18504,2020-03-25,MI,111.0,149.0,25,8.0,,,,0,,,8842.0,1853,,,8842.0,,,11335.0,11163.0,1180,0,,,,,2940.0,,,0,20177.0,3033,,,,,,0,11782.0,2426,,0.16666666666666666
331,331,331,331,331,18560,2020-03-24,MI,86.0,103.0,29,7.0,,,,0,,,6989.0,1142,,,6989.0,,,10155.0,10006.0,1093,0,,,,,2367.0,,,0,17144.0,2235,,,,,,0,9356.0,1680,,0.16666666666666666
332,332,332,332,332,18616,2020-03-23,MI,57.0,79.0,21,3.0,,,,0,,,5847.0,1056,,,5847.0,,,9062.0,8937.0,1240,0,,,,,1829.0,,,0,14909.0,2296,,,,,,0,7676.0,1453,,0.16666666666666666
333,333,333,333,333,18672,2020-03-22,MI,36.0,54.0,13,3.0,,,,0,,,4791.0,705,,,4791.0,,,7822.0,7726.0,799,0,,,,,1432.0,,,0,12613.0,1504,,,,,,0,6223.0,1020,,0.16666666666666666
334,334,334,334,334,18728,2020-03-21,MI,23.0,33.0,10,3.0,,,,0,,,4086.0,1045,,,4086.0,,,7023.0,6938.0,804,0,,,,,1117.0,,,0,11109.0,1849,,,,,,0,5203.0,1358,,0.16666666666666666
335,335,335,335,335,18784,2020-03-20,MI,13.0,20.0,3,2.0,,,,0,,,3041.0,990,,,3041.0,,,6219.0,6150.0,943,0,,,,,804.0,,,0,9260.0,1933,,,,,,0,3845.0,1255,,0.16666666666666666
336,336,336,336,336,18840,2020-03-19,MI,10.0,11.0,5,1.0,,,,0,,,2051.0,573,,,2051.0,,,5276.0,5221.0,745,0,,,,,539.0,,,0,7327.0,1318,,,,,,0,2590.0,738,,0.16666666666666666
337,337,337,337,337,18896,2020-03-18,MI,5.0,9.0,3,1.0,,,,0,,,1478.0,599,,,1478.0,,,4531.0,4491.0,872,0,,,,,374.0,,,0,6009.0,1471,,,,,,0,1852.0,752,,0.16666666666666666
338,338,338,338,338,18952,2020-03-17,MI,2.0,4.0,2,1.0,,,,0,,,879.0,607,,,879.0,,,3659.0,3632.0,764,0,,,,,221.0,,,0,4538.0,1371,,,,,,0,1100.0,1100,,0.16666666666666666
339,339,339,339,339,19008,2020-03-16,MI,,1.0,0,1.0,,,,0,,,272.0,67,,,,,,2895.0,2873.0,707,0,,,,,,,,0,3167.0,774,,,,,,0,,0,,0.0
340,340,340,340,340,19062,2020-03-15,MI,,0.0,0,1.0,,,,0,,,205.0,0,,,,,,2188.0,2175.0,460,0,,,,,,,,0,2393.0,460,,,,,,0,,0,,0.0
341,341,341,341,341,19113,2020-03-14,MI,,0.0,0,1.0,,,,0,,,205.0,72,,,,,,1728.0,1717.0,367,0,,,,,,,,0,1933.0,439,,,,,,0,,0,,0.0
342,342,342,342,342,19164,2020-03-13,MI,,0.0,0,1.0,,,,0,,,133.0,42,,,,,,1361.0,1353.0,364,0,,,,,,,,0,1494.0,406,,,,,,0,,0,,0.0
343,343,343,343,343,19215,2020-03-12,MI,,0.0,0,1.0,,,,0,,,91.0,34,,,,,,997.0,996.0,270,0,,,,,,,,0,1088.0,304,,,,,,0,,0,,0.0
344,344,344,344,344,19266,2020-03-11,MI,,0.0,0,0.0,,,,0,,,57.0,18,,,,,,727.0,727.0,199,0,,,,,,,,0,784.0,217,,,,,,0,,0,,0.0
345,345,345,345,345,19317,2020-03-10,MI,,0.0,0,0.0,,,,0,,,39.0,3,,,,,,528.0,528.0,156,0,,,,,,,,0,567.0,159,,,,,,0,,0,,0.0
346,346,346,346,346,19368,2020-03-09,MI,,0.0,0,0.0,,,,0,,,36.0,10,,,,,,372.0,372.0,121,0,,,,,,,,0,408.0,131,,,,,,0,,0,,0.0
347,347,347,347,347,19419,2020-03-08,MI,,0.0,0,0.0,,,,0,,,26.0,8,,,,,,251.0,251.0,63,0,,,,,,,,0,277.0,71,,,,,,0,,0,,0.0
348,348,348,348,348,19470,2020-03-07,MI,,0.0,0,0.0,,,,0,,,18.0,10,,,,,,188.0,188.0,48,0,,,,,,,,0,206.0,58,,,,,,0,,0,,0.0
349,349,349,349,349,19516,2020-03-06,MI,,0.0,0,0.0,,,,0,,,8.0,0,,,,,,140.0,140.0,40,0,,,,,,,,0,148.0,40,,,,,,0,,0,,0.0
350,350,350,350,350,19549,2020-03-05,MI,,0.0,0,0.0,,,,0,,,8.0,8,,,,,,100.0,100.0,26,0,,,,,,,,0,108.0,34,,,,,,0,,0,,0.0
351,351,351,351,351,19578,2020-03-04,MI,,0.0,0,0.0,,,,0,,,,0,,,,,,74.0,74.0,24,0,,,,,,,,0,74.0,24,,,,,,0,,0,,0.0
352,352,352,352,352,19597,2020-03-03,MI,,,0,0.0,,,,0,,,,0,,,,,,50.0,50.0,23,0,,,,,,,,0,50.0,23,,,,,,0,,0,,0.0
353,353,353,353,353,19612,2020-03-02,MI,,,0,0.0,,,,0,,,,0,,,,,,27.0,27.0,13,0,,,,,,,,0,27.0,13,,,,,,0,,0,,0.0
354,354,354,354,354,19623,2020-03-01,MI,,0.0,0,0.0,,,,0,,,,0,,,,,,14.0,14.0,0,0,,,,,,,,0,14.0,0,,,,,,0,,0,,0.0
